Data,Temperatura,Humidade,Pressao,Velocidade do vento,Direcao do vento,Rajada de vento,Precipitacao,Luminosidade,Incidencia solar,Ponto de orvalho,n
06/01/2023 19:00:00 -03:00,27.2,82.6,1013.5,2,115,4,0,0,0,23.8,999
06/01/2023 20:00:00 -03:00,27,83,1013.8,1.2,127,5.4,0,0,0,23.7,998
06/01/2023 21:00:00 -03:00,27,83,1014,1.5,118.2,5.4,0,0,0,23.7,997
06/01/2023 22:00:00 -03:00,26.7,83.9,1013.9,0.8,123.7,4,0,0,0,23.5,996
06/01/2023 23:00:00 -03:00,26.5,85.4,1013.5,0.5,133.4,4,0,0,0,23.6,995
07/01/2023 00:00:00 -03:00,26.4,85.2,1012.9,0.7,121.2,4,0,0,0,23.5,994
07/01/2023 01:00:00 -03:00,26.1,86,1012.8,0.3,127.2,4,0,0,0,23.4,993
07/01/2023 02:00:00 -03:00,26,86.2,1012.8,0.2,132.8,4,0,0,0,23.3,992
07/01/2023 03:00:00 -03:00,25.9,85.5,1013,0.2,137.7,4,0,0,0,23.1,991
07/01/2023 04:00:00 -03:00,25.5,87.6,1013.5,0.1,144.2,2.5,0,0,0,23,990
07/01/2023 05:00:00 -03:00,25.2,89.7,1014.2,0,180,1.1,0,1936,0,23.2,989
07/01/2023 06:00:00 -03:00,28.1,78.4,1014.6,0.9,133.9,5.4,0,6356,1,23.8,988
07/01/2023 07:00:00 -03:00,28.4,76.2,1015.2,1.6,114.4,6.8,0,16299,3,23.6,987
07/01/2023 08:00:00 -03:00,29.4,70.7,1015.6,2.2,118.6,8.6,0,31467,6,23.3,986
07/01/2023 09:00:00 -03:00,30.2,68.2,1015.4,2,121.6,6.8,0,39990,8,23.5,985
07/01/2023 10:00:00 -03:00,30.5,67.4,1015.2,2.2,120.7,6.8,0,48244,10,23.5,984
07/01/2023 11:00:00 -03:00,30.8,66.1,1014.7,2.2,124.3,6.8,0,52943,10,23.4,983
07/01/2023 12:00:00 -03:00,30.7,67.8,1013.8,2.2,126.4,8.6,0,49224,8,23.8,982
07/01/2023 13:00:00 -03:00,30.9,64.9,1013.1,2.1,131.3,6.8,0,51502,7,23.3,981
07/01/2023 14:00:00 -03:00,30.4,67.7,1012.5,2.5,126.6,8.6,0,42538,3,23.5,980
07/01/2023 15:00:00 -03:00,29.8,71,1012.2,2.2,132.7,8.6,0,32944,2,23.7,979
07/01/2023 16:00:00 -03:00,28.4,75.8,1012.3,1.8,130.9,8.6,0,10306,1,23.5,978
07/01/2023 17:00:00 -03:00,27.7,78.8,1012.5,1.6,123.8,5.4,0,1770,0,23.5,977
07/01/2023 18:00:00 -03:00,27.3,80.6,1012.8,1.1,142.6,5.4,0,0,0,23.5,976
07/01/2023 19:00:00 -03:00,27.1,80.2,1013.6,1.4,141,5.4,0,0,0,23.2,975
07/01/2023 20:00:00 -03:00,26.8,80.5,1014,1,140.4,5.4,0,0,0,23,974
07/01/2023 21:00:00 -03:00,26.8,80.9,1014.3,1.2,126.6,5.4,0,0,0,23,973
07/01/2023 22:00:00 -03:00,26.8,81.2,1013.9,1.1,136.1,4,0,0,0,23.1,972
07/01/2023 23:00:00 -03:00,26.6,81,1013.2,0.6,141,5.4,0,0,0,22.9,971
08/01/2023 00:00:00 -03:00,26.5,82.6,1012.9,0.4,148.2,4,0,0,0,23.1,970
08/01/2023 01:00:00 -03:00,25.7,86.7,1012.6,0,146,4,0,0,0,23.2,969
08/01/2023 02:00:00 -03:00,25.8,87.8,1012.5,0.2,162,2.5,0,0,0,23.4,968
08/01/2023 03:00:00 -03:00,24.7,92,1012.5,0,180,2.5,0,0,0,23.2,967
08/01/2023 04:00:00 -03:00,24.1,93.9,1013,0,180,1.1,0,0,0,22.9,966
08/01/2023 05:00:00 -03:00,24.3,93.5,1013.5,0,253,2.5,0,2178,0,23.1,965
08/01/2023 06:00:00 -03:00,27.3,83.4,1013.8,0.1,166.4,4,0,6263,1,24,964
08/01/2023 07:00:00 -03:00,29.3,72.4,1014.2,1.5,133.9,5.4,0,18666,3,23.6,963
08/01/2023 08:00:00 -03:00,29.8,71.2,1014.6,1.9,127.3,6.8,0,33431,6,23.8,962
08/01/2023 09:00:00 -03:00,29.4,74.5,1014.9,2.2,141.9,6.8,0,34128,6,24.2,961
08/01/2023 10:00:00 -03:00,30,71.8,1014.8,2.6,136.9,8.6,0,50115,10,24.2,960
08/01/2023 11:00:00 -03:00,29.8,72.5,1014.3,2.9,121.7,8.6,0,42421,8,24.1,959
08/01/2023 12:00:00 -03:00,30.2,70.7,1013.6,2.7,132.5,8.6,0,52580,8,24,958
08/01/2023 13:00:00 -03:00,30,71.6,1012.8,2.6,126.9,6.8,0,42630,6,24,957
08/01/2023 14:00:00 -03:00,29.9,69.7,1012.3,2,132.9,5.4,0,35825,3,23.5,956
08/01/2023 15:00:00 -03:00,29,71.8,1012.3,2,129.1,6.8,0,22061,2,23.2,955
08/01/2023 16:00:00 -03:00,28.6,74.1,1012.4,1.3,144.8,5.4,0,15991,1,23.3,954
08/01/2023 17:00:00 -03:00,27.7,78.7,1012.7,1.8,134.8,5.4,0,3084,0,23.4,953
08/01/2023 18:00:00 -03:00,27.2,80.3,1013.1,1.6,126.2,5.4,0,0,0,23.3,952
08/01/2023 19:00:00 -03:00,27.1,81.3,1013.6,1.4,135.5,5.4,0,0,0,23.4,951
08/01/2023 20:00:00 -03:00,27,81.1,1014.2,0.8,136.1,5.4,0,0,0,23.2,950
08/01/2023 21:00:00 -03:00,26.8,83.1,1014.4,0.6,142.9,4,0,0,0,23.5,949
08/01/2023 22:00:00 -03:00,26.7,83.5,1014.2,0.8,122,5.4,0,0,0,23.5,948
08/01/2023 23:00:00 -03:00,26.4,85.4,1013.5,0.3,134.7,4,0,0,0,23.6,947
09/01/2023 00:00:00 -03:00,25.8,88,1013,0,151,2.5,0,0,0,23.5,946
09/01/2023 01:00:00 -03:00,24.4,94.1,1012.8,0,180,0,0,0,0,23.2,945
09/01/2023 02:00:00 -03:00,23.9,95.8,1012.4,0,180,0,0,0,0,23,944
09/01/2023 03:00:00 -03:00,23.3,97.4,1012.5,0,180,0,0,0,0,22.7,943
09/01/2023 04:00:00 -03:00,23,98,1013,0,180,0,0,0,0,22.6,942
09/01/2023 05:00:00 -03:00,23,98,1013.5,0,180,0,0,1624,0,22.6,941
09/01/2023 06:00:00 -03:00,25.1,91.4,1013.9,0.1,235,2.5,0,9014,2,23.4,940
09/01/2023 07:00:00 -03:00,28.8,78.6,1014.2,1.5,130.6,5.4,0,22667,3,24.4,939
09/01/2023 08:00:00 -03:00,30.1,72.9,1014.4,2,120.6,6.8,0,33205,5,24.4,938
09/01/2023 09:00:00 -03:00,30,73.4,1014.6,2.3,122.9,6.8,0,37127,7,24.5,937
09/01/2023 10:00:00 -03:00,30.5,71.4,1014.3,2.7,130,6.8,0,47488,10,24.5,936
09/01/2023 11:00:00 -03:00,30.4,71.4,1013.8,2.6,127.7,8.6,0,41984,8,24.4,935
09/01/2023 12:00:00 -03:00,30.2,72.6,1013.3,2.6,115.7,8.6,0,38204,7,24.5,934
09/01/2023 13:00:00 -03:00,30.7,68.4,1012.6,2.5,116.9,10.1,0,50121,7,24,933
09/01/2023 14:00:00 -03:00,30.3,69.6,1012,3.2,117.5,10.1,0,45255,3,23.9,932
09/01/2023 15:00:00 -03:00,29.9,71.8,1011.8,3.2,113.1,8.6,0,38532,2,24,931
09/01/2023 16:00:00 -03:00,29.3,73.9,1011.9,2.6,119.2,8.6,0,26132,1,23.9,930
09/01/2023 17:00:00 -03:00,27.8,78,1012.3,2.1,107.5,6.8,0,1970,0,23.3,929
09/01/2023 18:00:00 -03:00,27.4,80.2,1013,1.6,117.5,6.8,0,0,0,23.5,928
09/01/2023 19:00:00 -03:00,27.3,81.3,1013.7,1.1,126.2,5.4,0,0,0,23.6,927
09/01/2023 20:00:00 -03:00,27.1,81.6,1014.3,1,108.8,5.4,0,0,0,23.5,926
09/01/2023 21:00:00 -03:00,26.9,82,1014.6,0.8,118.1,5.4,0,0,0,23.4,925
09/01/2023 22:00:00 -03:00,26.8,82.8,1014.5,0.7,126.6,5.4,0,0,0,23.5,924
09/01/2023 23:00:00 -03:00,26.5,85.2,1014.1,0.2,138.1,4,0,0,0,23.7,923
10/01/2023 00:00:00 -03:00,25.8,88.2,1013.7,0.1,147.2,4,0,0,0,23.5,922
10/01/2023 01:00:00 -03:00,25.2,89.6,1013.3,0,156.5,2.5,0,0,0,23.3,921
10/01/2023 02:00:00 -03:00,24,95.2,1013.4,0,180,0,0,0,0,23,920
10/01/2023 03:00:00 -03:00,23.4,96.9,1013.4,0,180,0,0,0,0,22.7,919
10/01/2023 04:00:00 -03:00,23.1,97.8,1013.5,0,180,0,0,0,0,22.5,918
10/01/2023 05:00:00 -03:00,23.3,97.4,1013.9,0,180,0,0,2312,0,22.8,917
10/01/2023 06:00:00 -03:00,26.3,86.6,1014.1,0.1,112.3,4,0,7456,2,23.7,916
10/01/2023 07:00:00 -03:00,28.9,74.9,1014.4,1.1,115,6.8,0,18275,3,23.8,915
10/01/2023 08:00:00 -03:00,30.2,69,1014.6,1.4,111.9,5.4,0,32489,5,23.6,914
10/01/2023 09:00:00 -03:00,30.6,67.6,1014.5,1.5,129.6,6.8,0,42932,8,23.7,913
10/01/2023 10:00:00 -03:00,30.9,66.5,1014.5,1.5,115.6,6.8,0,41891,8,23.7,912
10/01/2023 11:00:00 -03:00,30.8,66.5,1014.1,1.8,112.8,6.8,0,43839,9,23.6,911
10/01/2023 12:00:00 -03:00,31.1,66.9,1013.4,2.3,116.5,6.8,0,51207,9,24,910
10/01/2023 13:00:00 -03:00,30.8,68.8,1013,2.3,108.5,6.8,0,42616,6,24.1,909
10/01/2023 14:00:00 -03:00,30.7,69.1,1012.6,2.1,113.7,8.6,0,42830,4,24.2,908
10/01/2023 15:00:00 -03:00,30,71.1,1012.6,2.2,124.7,6.8,0,29490,2,23.9,907
10/01/2023 16:00:00 -03:00,28.8,76.5,1012.9,2.6,115.4,10.1,0,18908,1,24.1,906
10/01/2023 17:00:00 -03:00,27.8,80.6,1013.2,1.9,122,6.8,0,2164,0,24,905
10/01/2023 18:00:00 -03:00,27.4,82.5,1013.6,1.9,120.9,5.4,0,0,0,24,904
10/01/2023 19:00:00 -03:00,27.3,81.4,1014,1.5,122.8,5.4,0,0,0,23.6,903
10/01/2023 20:00:00 -03:00,27.1,82.4,1014.3,1.8,117.5,6.8,0,0,0,23.7,902
10/01/2023 21:00:00 -03:00,26.8,84.7,1014.5,1.4,126,5.4,0,0,0,23.9,901
10/01/2023 22:00:00 -03:00,26.4,86.6,1014.3,0.5,124.2,5.4,0,0,0,23.8,900
10/01/2023 23:00:00 -03:00,26,88,1013.7,0.2,149.8,2.5,0,0,0,23.7,899
11/01/2023 00:00:00 -03:00,26.2,86.3,1013.2,0.5,140.4,5.4,0,0,0,23.6,898
11/01/2023 01:00:00 -03:00,26.4,85.6,1012.9,0.5,152.1,4,0,0,0,23.6,897
11/01/2023 02:00:00 -03:00,26.4,85.7,1012.8,0.5,129.1,4,0,0,0,23.7,896
11/01/2023 03:00:00 -03:00,25.7,87.8,1012.8,0.1,136.8,2.5,0,0,0,23.4,895
11/01/2023 04:00:00 -03:00,24.3,95.6,1013.3,0,188.5,1.1,0.9,0,0,23.4,894
11/01/2023 05:00:00 -03:00,23.9,97.3,1013.8,0.1,170,2.5,1.5,1674,0,23.3,893
11/01/2023 06:00:00 -03:00,24.1,97.8,1014.2,0.3,115.8,6.8,0.9,5979,1,23.6,892
11/01/2023 07:00:00 -03:00,25,94.1,1014.7,0.2,104.7,5.4,0.3,8554,2,23.8,891
11/01/2023 08:00:00 -03:00,27.4,85,1014.9,1.1,132.7,8.6,0,25319,5,24.4,890
11/01/2023 09:00:00 -03:00,29,77,1014.9,2.1,132.5,6.8,0,35936,6,24.2,889
11/01/2023 10:00:00 -03:00,29,74.8,1014.6,2.7,126.7,8.6,0,27990,5,23.9,888
11/01/2023 11:00:00 -03:00,28.8,74.7,1014.2,2,144.1,6.8,0,20031,4,23.6,887
11/01/2023 12:00:00 -03:00,29,73.2,1013.6,2,130.1,6.8,0,23451,4,23.5,886
11/01/2023 13:00:00 -03:00,29.9,70.1,1012.7,2.4,138.3,6.8,0,44062,6,23.7,885
11/01/2023 14:00:00 -03:00,29.7,71,1012.2,2.3,123.3,6.8,0,35028,4,23.6,884
11/01/2023 15:00:00 -03:00,29.7,71.5,1012.1,1.9,140.4,6.8,0,30159,3,23.8,883
11/01/2023 16:00:00 -03:00,28.9,75.3,1012.1,1.9,130.3,5.4,0,18207,2,23.9,882
11/01/2023 17:00:00 -03:00,27.6,78.9,1012.5,1.3,145.3,5.4,0,2128,0,23.4,881
11/01/2023 18:00:00 -03:00,27.2,79.6,1012.7,1.1,156.6,4,0,0,0,23.1,880
11/01/2023 19:00:00 -03:00,27,80.7,1013.2,1,156.1,6.8,0,0,0,23.2,879
11/01/2023 20:00:00 -03:00,27.1,82,1013.6,1.3,146.5,5.4,0,0,0,23.6,878
11/01/2023 21:00:00 -03:00,27.1,80.5,1013.8,1.7,125.3,6.8,0,0,0,23.3,877
11/01/2023 22:00:00 -03:00,27,81.5,1013.8,1.1,132.6,5.4,0,0,0,23.4,876
11/01/2023 23:00:00 -03:00,25.8,91.6,1013.4,0.3,146.3,5.4,0,0,0,24.1,875
12/01/2023 00:00:00 -03:00,26.1,89.7,1012.8,0.1,128,2.5,0,0,0,24.1,874
12/01/2023 01:00:00 -03:00,26.2,87.4,1012.4,0.3,163,4,0,0,0,23.8,873
12/01/2023 02:00:00 -03:00,26.1,87.2,1012,0.5,135.4,4,0,0,0,23.7,872
12/01/2023 03:00:00 -03:00,26.4,84.3,1011.9,0.3,145,2.5,0,0,0,23.4,871
12/01/2023 04:00:00 -03:00,26.4,83.8,1012.1,0.4,144.8,4,0,0,0,23.3,870
12/01/2023 05:00:00 -03:00,26.4,84,1012.6,0.1,165,2.5,0,1631,0,23.2,869
12/01/2023 06:00:00 -03:00,28.1,78.1,1013,0.6,156.7,4,0,8361,2,23.7,868
12/01/2023 07:00:00 -03:00,28.8,75.1,1013.2,1.3,141.6,5.4,0,15316,3,23.7,867
12/01/2023 08:00:00 -03:00,28.1,76.9,1013.5,1.9,128.6,5.4,0,20616,3,23.4,866
12/01/2023 09:00:00 -03:00,29.5,73,1013.2,2.1,136.4,6.8,0,34705,6,23.9,865
12/01/2023 10:00:00 -03:00,29.6,72.2,1013,1.8,131.7,6.8,0,34093,6,23.8,864
12/01/2023 11:00:00 -03:00,30.2,69.6,1012.7,1.8,140.7,6.8,0,37065,7,23.8,863
12/01/2023 12:00:00 -03:00,30.8,68,1012.1,2.2,137.7,6.8,0,55773,9,24,862
12/01/2023 13:00:00 -03:00,30.2,68.7,1011.6,2.6,118.6,8.6,0,41530,6,23.6,861
12/01/2023 14:00:00 -03:00,30.8,67.5,1011.2,2.2,134.8,6.8,0,48865,4,23.8,860
12/01/2023 15:00:00 -03:00,30.1,70.2,1010.8,2,129.8,6.8,0,36886,2,23.8,859
12/01/2023 16:00:00 -03:00,29.2,74.1,1010.9,2,121.2,6.8,0,24740,1,23.9,858
12/01/2023 17:00:00 -03:00,27.8,78.7,1011.3,1.5,121.8,6.8,0,1854,0,23.6,857
12/01/2023 18:00:00 -03:00,27.2,82.1,1011.5,1.1,136.5,5.4,0,0,0,23.7,856
12/01/2023 19:00:00 -03:00,27.1,83,1011.8,1.3,133.4,5.4,0,0,0,23.8,855
12/01/2023 20:00:00 -03:00,27.1,83.9,1012.4,1,131.1,5.4,0,0,0,23.9,854
12/01/2023 21:00:00 -03:00,27.1,84.5,1012.5,1.3,129.4,5.4,0,0,0,24.1,853
12/01/2023 22:00:00 -03:00,27.2,84.6,1012.3,1.8,119.8,6.8,0,0,0,24.2,852
12/01/2023 23:00:00 -03:00,27.2,85.9,1011.7,1.2,126.6,5.4,0,0,0,24.4,851
13/01/2023 00:00:00 -03:00,26.9,86.2,1011.4,0.9,134.6,5.4,0,0,0,24.2,850
13/01/2023 01:00:00 -03:00,26.7,86.9,1011.3,0.5,137.7,4,0,0,0,24.1,849
13/01/2023 02:00:00 -03:00,26.5,86.6,1011,0.4,140.7,4,0,0,0,23.9,848
13/01/2023 03:00:00 -03:00,25.8,90,1010.9,0.1,156.3,2.5,0,0,0,23.9,847
13/01/2023 04:00:00 -03:00,24.2,96.5,1011.2,0,180,0,0,0,0,23.4,846
13/01/2023 05:00:00 -03:00,24,98.1,1011.6,0,180,0,0,1090,0,23.5,845
13/01/2023 06:00:00 -03:00,26,90.9,1011.8,0,224,1.1,0,7735,2,24.2,844
13/01/2023 07:00:00 -03:00,28.8,80.6,1012,0.8,128.8,5.4,0,18706,3,24.9,843
13/01/2023 08:00:00 -03:00,29.6,75.6,1012.5,1.9,122.2,6.8,0,30559,5,24.7,842
13/01/2023 09:00:00 -03:00,30.8,71.3,1012.4,2,135.8,6.8,0,44499,8,24.7,841
13/01/2023 10:00:00 -03:00,30.6,71.9,1012.4,2.4,129.9,8.6,0,49852,10,24.7,840
13/01/2023 11:00:00 -03:00,30.6,72.5,1011.9,2.4,129.9,8.6,0,43264,8,24.8,839
13/01/2023 12:00:00 -03:00,30.8,71.1,1011.2,2.4,134.5,8.6,0,51074,9,24.7,838
13/01/2023 13:00:00 -03:00,30.8,71.6,1010.6,2.5,126.8,6.8,0,46765,7,24.8,837
13/01/2023 14:00:00 -03:00,30.3,73.2,1010.2,2.8,119.3,8.6,0,42470,4,24.7,836
13/01/2023 15:00:00 -03:00,29.9,75,1010,2.3,122.6,6.8,0,29856,2,24.7,835
13/01/2023 16:00:00 -03:00,28.4,79.7,1010.1,1.9,123.7,5.4,0,6718,1,24.3,834
13/01/2023 17:00:00 -03:00,27.8,82.1,1010.3,2,116.7,6.8,0,1599,0,24.3,833
13/01/2023 18:00:00 -03:00,27.6,83.6,1010.7,1.5,124.8,5.4,0,0,0,24.3,832
13/01/2023 19:00:00 -03:00,27.3,84.2,1011.3,1.4,127.7,5.4,0,0,0,24.2,831
13/01/2023 20:00:00 -03:00,27.3,83.4,1011.6,1.1,130.4,5.4,0,0,0,24,830
13/01/2023 21:00:00 -03:00,27,84.3,1011.6,0.8,156.9,4,0,0,0,23.9,829
13/01/2023 22:00:00 -03:00,27,84.2,1011.4,1.1,136.1,4,0,0,0,23.9,828
13/01/2023 23:00:00 -03:00,27,84.9,1010.8,1.1,133.9,4,0,0,0,24,827
14/01/2023 00:00:00 -03:00,26.9,84.6,1010.3,1,130.1,5.4,0,0,0,23.9,826
14/01/2023 01:00:00 -03:00,26.9,84.6,1010.2,0.9,138.1,5.4,0,0,0,23.9,825
14/01/2023 02:00:00 -03:00,26.7,84.3,1010.2,0.7,128.2,5.4,0,0,0,23.6,824
14/01/2023 03:00:00 -03:00,25.2,94,1010.4,0.2,152,4,0.3,0,0,24,823
14/01/2023 04:00:00 -03:00,24.4,98.5,1010.9,0,140,2.5,0,0,0,24,822
14/01/2023 05:00:00 -03:00,24.8,97.6,1011.6,0,180,2.5,0,1854,0,24.2,821
14/01/2023 06:00:00 -03:00,27.5,84.1,1012.1,0.2,159.1,2.5,0,5290,2,24.4,820
14/01/2023 07:00:00 -03:00,27,88.7,1012.4,0.4,125.9,5.4,2.7,17766,3,24.7,819
14/01/2023 08:00:00 -03:00,29.3,79.2,1012.5,1.8,128.4,8.6,0,35851,6,25.1,818
14/01/2023 09:00:00 -03:00,29.2,77.1,1012.6,2.4,120.2,6.8,0,33384,6,24.5,817
14/01/2023 10:00:00 -03:00,30,73.2,1012.5,2.3,123.6,6.8,0,41362,8,24.4,816
14/01/2023 11:00:00 -03:00,30.4,70.9,1012.1,2.4,129.9,8.6,0,47702,10,24.2,815
14/01/2023 12:00:00 -03:00,30.4,70.5,1011.5,2.9,120.6,8.6,0,49385,9,24.2,814
14/01/2023 13:00:00 -03:00,30.5,70.3,1011,2.6,126,8.6,0,45384,7,24.2,813
14/01/2023 14:00:00 -03:00,30.2,71,1010.5,2.2,122.3,6.8,0,39760,4,24.1,812
14/01/2023 15:00:00 -03:00,29.1,74.9,1010.2,1.7,127.6,5.4,0,17300,2,24,811
14/01/2023 16:00:00 -03:00,28.4,77.1,1010.3,1.7,123.3,5.4,0,13239,1,23.8,810
14/01/2023 17:00:00 -03:00,27.8,80.2,1010.6,1.3,134,5.4,0,2941,0,23.9,809
14/01/2023 18:00:00 -03:00,27.4,81.6,1011.1,1.4,135.4,5.4,0,0,0,23.7,808
14/01/2023 19:00:00 -03:00,27.1,83,1011.8,0.6,138.1,4,0,0,0,23.8,807
14/01/2023 20:00:00 -03:00,27.1,83.7,1012.2,1,135.6,5.4,0,0,0,23.9,806
14/01/2023 21:00:00 -03:00,27.1,81.3,1012.5,1.1,129,5.4,0,0,0,23.4,805
14/01/2023 22:00:00 -03:00,27.2,81.8,1012.2,0.8,143.7,5.4,0,0,0,23.6,804
14/01/2023 23:00:00 -03:00,26.9,84.3,1011.5,1.3,150.6,5.4,0.3,0,0,23.8,803
15/01/2023 00:00:00 -03:00,24.4,94.7,1011.3,0.4,156.4,5.4,1.2,0,0,23.3,802
15/01/2023 01:00:00 -03:00,23.5,98,1011.4,0,206,2.5,0.6,0,0,23,801
15/01/2023 02:00:00 -03:00,23.4,98.9,1011.2,0.2,176.6,4,0.6,0,0,23.1,800
15/01/2023 03:00:00 -03:00,23.1,99,1011.2,0,180,0,0,0,0,22.8,799
15/01/2023 04:00:00 -03:00,23.1,99,1011.5,0,180,0,0,0,0,22.8,798
15/01/2023 05:00:00 -03:00,23.2,99,1012.2,0,180,0,0,983,0,22.9,797
15/01/2023 06:00:00 -03:00,23.3,99,1012.9,0,180,1.1,0.3,5356,1,23,796
15/01/2023 07:00:00 -03:00,25.4,91.9,1013.2,0,234.5,1.1,0,16654,3,23.8,795
15/01/2023 08:00:00 -03:00,28.6,80.3,1013.4,0.4,139.6,4,0,36741,6,24.6,794
15/01/2023 09:00:00 -03:00,29.9,71.5,1013.2,1,139.6,5.4,0,44000,8,24,793
15/01/2023 10:00:00 -03:00,30.5,67.4,1013,1.2,137.1,5.4,0,56401,11,23.5,792
15/01/2023 11:00:00 -03:00,30.9,65.7,1012.4,1.6,134.1,5.4,0,46706,9,23.5,791
15/01/2023 14:00:00 -03:00,29.1,71.7,1010.9,1,153.6,4,0,31700,4,23.3,788
15/01/2023 15:00:00 -03:00,29,70.8,1010.6,0.8,153.5,5.4,0,20984,2,22.9,787
15/01/2023 16:00:00 -03:00,29.1,71.4,1010.7,1,167.8,5.4,0,23322,1,23.2,786
15/01/2023 17:00:00 -03:00,27,80.1,1011,0.2,160.2,2.5,0,1671,0,23,785
15/01/2023 18:00:00 -03:00,26.3,84.6,1011.4,0.3,177.7,4,0,0,0,23.3,784
15/01/2023 19:00:00 -03:00,26.2,87.1,1011.7,0.2,167,4,0,0,0,23.7,783
15/01/2023 20:00:00 -03:00,26.1,90.1,1012.2,0,178,2.5,0,0,0,24.2,782
15/01/2023 21:00:00 -03:00,25.3,93.6,1012.4,0,180,0,0,0,0,24,781
15/01/2023 22:00:00 -03:00,24.4,96.9,1012.1,0,180,0,0,0,0,23.8,780
15/01/2023 23:00:00 -03:00,24,98.6,1011.5,0,233,2.5,1.5,0,0,23.5,779
16/01/2023 00:00:00 -03:00,23.3,99,1010.9,0,180,0,0,0,0,23,778
16/01/2023 01:00:00 -03:00,22.9,99,1010.6,0,180,0,0,0,0,22.6,777
16/01/2023 02:00:00 -03:00,22.6,99,1010.4,0,180,0,0,0,0,22.3,776
16/01/2023 03:00:00 -03:00,22.4,99,1010.3,0,180,0,0,0,0,22.1,775
16/01/2023 04:00:00 -03:00,22.4,99,1010.7,0.1,185,4,0.9,0,0,22.1,774
16/01/2023 05:00:00 -03:00,23.1,99,1011.4,0,180,1.1,2.4,1665,0,22.8,773
16/01/2023 06:00:00 -03:00,23.7,99,1012,0,225,1.1,0,9512,2,23.4,772
16/01/2023 07:00:00 -03:00,25.7,93.2,1012.3,0,360,1.1,0,17685,3,24.3,771
16/01/2023 08:00:00 -03:00,28.5,80.7,1012.6,0.1,174.2,2.5,0,27783,4,24.7,770
16/01/2023 09:00:00 -03:00,28.7,78,1012.4,0.9,119.4,6.8,0,22504,4,24.3,769
16/01/2023 10:00:00 -03:00,28.2,78.7,1012.2,1.1,124.6,6.8,0,26748,5,24,768
16/01/2023 11:00:00 -03:00,29.5,73.4,1011.6,1.8,129.9,5.4,0,39237,7,24,767
16/01/2023 12:00:00 -03:00,29.6,72.7,1011.2,2,128.3,5.4,0,37733,6,24,766
16/01/2023 13:00:00 -03:00,30,70.6,1010.5,2.3,122.4,6.8,0,40705,6,23.8,765
16/01/2023 14:00:00 -03:00,29.7,71,1010.1,1.7,117.1,6.8,0,34288,4,23.7,764
16/01/2023 15:00:00 -03:00,28.9,73.4,1010.1,1.8,112,6.8,0,18945,2,23.4,763
16/01/2023 16:00:00 -03:00,28.1,76.2,1010.6,1.5,122.2,5.4,0,9200,1,23.3,762
16/01/2023 17:00:00 -03:00,27.4,80.2,1011.2,1.3,128.9,5.4,0,1733,0,23.5,761
16/01/2023 18:00:00 -03:00,27,81.9,1011.7,0.9,126.3,4,0,0,0,23.5,760
16/01/2023 19:00:00 -03:00,26.8,82.4,1012.2,0.3,133.8,4,0,0,0,23.3,759
16/01/2023 20:00:00 -03:00,26.3,85.9,1012.8,0,180,1.1,0,0,0,23.6,758
16/01/2023 21:00:00 -03:00,25,93.3,1013,0,180,0,0,0,0,23.6,757
16/01/2023 22:00:00 -03:00,25.1,92.4,1012.7,0,173,2.5,0,0,0,23.6,756
16/01/2023 23:00:00 -03:00,25.2,93,1012,0,180,1.1,0,0,0,23.8,755
17/01/2023 00:00:00 -03:00,24.3,95.9,1011.3,0,239,1.1,0,0,0,23.4,754
17/01/2023 01:00:00 -03:00,23.8,97.2,1010.6,0,180,0,0,0,0,23.2,753
17/01/2023 02:00:00 -03:00,23.5,98.3,1010.5,0,180,0,0,0,0,23,752
17/01/2023 03:00:00 -03:00,23,99,1010.4,0,180,0,0,0,0,22.7,751
17/01/2023 04:00:00 -03:00,22.8,99,1010.8,0,180,0,0,0,0,22.5,750
17/01/2023 05:00:00 -03:00,23.2,99,1011.4,0,180,0,0,2595,0,22.9,749
17/01/2023 06:00:00 -03:00,25.9,91.9,1011.9,0.1,195.9,2.5,0,11341,2,24.3,748
17/01/2023 07:00:00 -03:00,28,84.6,1012.6,1.2,139.7,5.4,0.6,18948,3,24.9,747
17/01/2023 08:00:00 -03:00,28.7,78.9,1013.1,1.8,148.8,5.4,0,24373,4,24.5,746
17/01/2023 09:00:00 -03:00,29.7,75.9,1012.9,2.7,136.8,8.6,0,40352,8,24.7,745
17/01/2023 10:00:00 -03:00,30,75.4,1012.8,2.6,125.7,6.8,0,46358,9,25,744
17/01/2023 12:00:00 -03:00,28.6,78.2,1012.5,3.2,115.1,8.6,0,12056,2,24.2,743
17/01/2023 13:00:00 -03:00,29.2,75.1,1011.8,2.6,118.6,8.6,0,29388,5,24.1,742
17/01/2023 14:00:00 -03:00,28.7,75.7,1011.5,2.3,130,6.8,0,22482,3,23.8,741
17/01/2023 15:00:00 -03:00,29,76.6,1011.6,2.2,130.7,6.8,0,22466,2,24.2,740
17/01/2023 16:00:00 -03:00,28.3,78.8,1011.6,2,128.1,6.8,0,12922,1,24.1,739
17/01/2023 17:00:00 -03:00,25.8,91.8,1012.4,0.9,127.9,8.6,2.7,2489,0,24.1,738
17/01/2023 18:00:00 -03:00,25.6,91.4,1012.9,0.3,134.4,4,0,0,0,24,737
17/01/2023 19:00:00 -03:00,24.9,97.1,1013.1,0,360,1.1,0,0,0,24.2,736
17/01/2023 20:00:00 -03:00,24.6,98.6,1013.7,0,324,4,0,0,0,24.2,735
17/01/2023 21:00:00 -03:00,24.5,97.9,1013.6,0,182,1.1,0,0,0,24,734
17/01/2023 22:00:00 -03:00,24.2,99,1013.1,0,180,0,0,0,0,23.9,733
17/01/2023 23:00:00 -03:00,23.8,99,1012.4,0,180,0,0,0,0,23.5,732
18/01/2023 00:00:00 -03:00,23.9,99,1011.6,0,180,0,0,0,0,23.6,731
18/01/2023 01:00:00 -03:00,24,99,1011,0,180,1.1,0.3,0,0,23.7,730
18/01/2023 02:00:00 -03:00,23.9,99,1010.7,0,180,0,0.3,0,0,23.5,729
18/01/2023 03:00:00 -03:00,23.8,99,1010.7,0,180,0,0,0,0,23.4,728
18/01/2023 04:00:00 -03:00,23.6,99,1011,0,180,0,0,0,0,23.3,727
18/01/2023 05:00:00 -03:00,23.8,99,1011.7,0,180,0,0,2199,0,23.5,726
18/01/2023 06:00:00 -03:00,25.7,93.9,1012.2,0.6,153.8,5.4,0,8210,2,24.4,725
18/01/2023 07:00:00 -03:00,28.9,79.6,1012.4,2.3,131.9,6.8,0,19614,3,24.8,724
18/01/2023 08:00:00 -03:00,29.1,78.7,1012.7,2.8,125.8,8.6,0,26114,4,24.8,723
18/01/2023 09:00:00 -03:00,27.8,87.1,1013,2.4,129.5,8.6,1.8,24897,5,25.2,722
18/01/2023 10:00:00 -03:00,28.1,83.9,1012.7,2.7,130.6,8.6,0,27182,5,24.9,721
18/01/2023 11:00:00 -03:00,26.8,90.5,1012.6,0.8,134,5.4,2.7,12433,2,24.9,720
18/01/2023 12:00:00 -03:00,27.2,87.4,1011.9,1.7,150.9,6.8,0,13083,2,24.8,719
18/01/2023 13:00:00 -03:00,27.2,88.8,1011.4,1.5,137.9,6.8,1.5,13610,2,24.9,718
18/01/2023 14:00:00 -03:00,25.2,94.5,1011.5,0.8,112.4,5.4,3.9,3141,1,24,717
18/01/2023 15:00:00 -03:00,23.7,98.4,1011.5,0.7,101.2,6.8,7.8,1301,0,23.3,716
19/01/2023 11:00:00 -03:00,28.9,80.9,1013.4,1.5,129.3,5.4,0,33974,6,25.1,696
19/01/2023 12:00:00 -03:00,28.9,79.8,1012.8,1.7,142.9,5.4,0,26661,4,24.9,695
19/01/2023 13:00:00 -03:00,29.2,80.2,1012,1.5,146.6,6.8,0,30788,4,25.2,694
19/01/2023 14:00:00 -03:00,29.6,77.7,1011.5,1.6,132.5,6.8,0,32898,4,25,693
19/01/2023 15:00:00 -03:00,29.1,78.5,1011.4,2,152.2,6.8,0,21099,2,24.7,692
19/01/2023 16:00:00 -03:00,28.6,79.7,1011.8,1.5,147.4,5.4,0,15210,1,24.6,691
19/01/2023 17:00:00 -03:00,27.4,84,1012.1,0.8,147.6,4,0,1315,0,24.2,690
19/01/2023 18:00:00 -03:00,27,85.5,1012.4,0.4,143.7,4,0,0,0,24.1,689
19/01/2023 19:00:00 -03:00,26.6,87.1,1013.1,0.2,134.2,4,0,0,0,24,688
19/01/2023 20:00:00 -03:00,26.5,88.9,1013.8,0.2,165.4,2.5,0,0,0,24.3,687
19/01/2023 21:00:00 -03:00,26.7,87.2,1014,0.2,132.3,4,0,0,0,24.2,686
19/01/2023 22:00:00 -03:00,25.2,95.1,1013.8,0,179,2.5,0,0,0,24.2,685
19/01/2023 23:00:00 -03:00,24.7,95.9,1013.4,0,152,2.5,0,0,0,23.8,684
20/01/2023 00:00:00 -03:00,23.5,99,1012.8,0,180,0,0,0,0,23.2,683
20/01/2023 01:00:00 -03:00,23.3,99,1012.3,0,180,0,0,0,0,23,682
20/01/2023 02:00:00 -03:00,23,99,1012.1,0,180,0,0,0,0,22.7,681
20/01/2023 03:00:00 -03:00,22.7,99,1012,0,180,0,0,0,0,22.4,680
20/01/2023 04:00:00 -03:00,22.5,99,1012.2,0,180,0,0,0,0,22.2,679
20/01/2023 05:00:00 -03:00,22.8,99,1012.8,0,180,0,0.6,2222,0,22.5,678
20/01/2023 06:00:00 -03:00,23.8,98.8,1013.5,0,360,1.1,0,6886,1,23.4,677
20/01/2023 07:00:00 -03:00,27,89.9,1014,0.1,188,2.5,0,19330,3,25,676
20/01/2023 08:00:00 -03:00,29.9,72.5,1014.4,1.1,130.4,4,0,36869,6,24.2,675
20/01/2023 09:00:00 -03:00,30.3,69.3,1014.5,1,130.8,5.4,0,39566,7,23.8,674
20/01/2023 10:00:00 -03:00,30.4,69.5,1014.1,1.6,124.9,6.8,0,44329,9,24,673
20/01/2023 11:00:00 -03:00,30.3,69,1013.7,2.4,133.1,8.6,0,48386,10,23.7,672
20/01/2023 12:00:00 -03:00,30.8,64.3,1012.8,1.8,128.6,6.8,0,54334,10,23,671
20/01/2023 13:00:00 -03:00,31,64,1012,2,129.4,5.4,0,52439,8,23.1,670
20/01/2023 14:00:00 -03:00,30.5,67.4,1011.3,2,129.1,6.8,0,46577,4,23.6,669
20/01/2023 15:00:00 -03:00,30.3,68.1,1011,1.9,130.9,5.4,0,40463,2,23.5,668
20/01/2023 16:00:00 -03:00,29.1,73.5,1011.3,2.1,125.4,6.8,0,23388,1,23.6,667
20/01/2023 17:00:00 -03:00,27.5,79.4,1011.7,1.8,126.7,5.4,0,2517,0,23.5,666
20/01/2023 18:00:00 -03:00,27,80.5,1012.2,1.3,129.6,5.4,0,0,0,23.2,665
20/01/2023 19:00:00 -03:00,26.8,81.4,1012.9,1,130.2,5.4,0,0,0,23.2,664
20/01/2023 20:00:00 -03:00,26.6,83,1013.5,0.4,139.1,5.4,0,0,0,23.3,663
20/01/2023 21:00:00 -03:00,26.6,84.1,1013.9,0.6,137.9,4,0,0,0,23.5,662
20/01/2023 22:00:00 -03:00,26.1,85.6,1013.6,0.1,140.5,2.5,0,0,0,23.3,661
20/01/2023 23:00:00 -03:00,25.9,87,1012.9,0.1,140.7,4,0,0,0,23.4,660
21/01/2023 00:00:00 -03:00,24.2,94.4,1012.4,0,180,0,0,0,0,23.1,659
21/01/2023 01:00:00 -03:00,23.2,98.1,1012,0,180,0,0,0,0,22.8,658
21/01/2023 02:00:00 -03:00,22.8,99,1011.7,0,180,0,0,0,0,22.5,657
21/01/2023 03:00:00 -03:00,22.6,99,1011.7,0,180,0,0,0,0,22.2,656
21/01/2023 04:00:00 -03:00,22.3,99,1011.9,0,180,0,0,0,0,22,655
21/01/2023 05:00:00 -03:00,22.2,99,1012.2,0,180,0,0,1658,0,21.9,654
21/01/2023 06:00:00 -03:00,24,95.3,1012.6,0,360,0,0,4964,1,23,653
21/01/2023 07:00:00 -03:00,28,82.5,1012.8,0,180,0,0,16611,3,24.5,652
21/01/2023 08:00:00 -03:00,29.9,72.8,1013.1,0.4,133.4,4,0,28821,5,24.2,651
21/01/2023 09:00:00 -03:00,30.3,71.2,1012.9,1.3,156.4,5.4,0,38636,8,24.3,650
21/01/2023 10:00:00 -03:00,30.7,69.4,1012.5,1.6,153.2,5.4,0,42962,9,24.2,649
21/01/2023 11:00:00 -03:00,30.9,69,1011.9,1.6,132.9,5.4,0,51712,11,24.3,648
21/01/2023 12:00:00 -03:00,31,70.5,1011.4,2,132.2,6.8,0,57616,10,24.7,647
21/01/2023 13:00:00 -03:00,30.5,72.6,1010.9,2.4,124.2,8.6,0,50120,7,24.8,646
21/01/2023 14:00:00 -03:00,30.1,73.1,1010.5,2.4,127.1,6.8,0,43660,4,24.5,645
21/01/2023 15:00:00 -03:00,30,72,1010.3,2.3,128.1,6.8,0,42043,2,24.2,644
21/01/2023 16:00:00 -03:00,29.2,76.1,1010.5,1.9,129.2,6.8,0,23998,1,24.3,643
21/01/2023 17:00:00 -03:00,27.8,80.8,1010.8,1.6,124.4,6.8,0,2504,0,24,642
21/01/2023 18:00:00 -03:00,27.3,81.8,1011.2,1.2,134.9,5.4,0,0,0,23.7,641
21/01/2023 19:00:00 -03:00,27.2,83.2,1011.6,1.3,122.6,5.4,0,0,0,23.9,640
21/01/2023 20:00:00 -03:00,27.2,84,1012.2,1.3,122.5,5.4,0,0,0,24,639
21/01/2023 21:00:00 -03:00,27.2,84.4,1012.4,1.5,124.2,6.8,0,0,0,24.1,638
21/01/2023 22:00:00 -03:00,27,84.3,1012.4,1.1,128.2,5.4,0,0,0,23.9,637
21/01/2023 23:00:00 -03:00,26.5,85.8,1011.8,0.4,131.4,5.4,0,0,0,23.8,636
22/01/2023 00:00:00 -03:00,25.5,90.8,1011.3,0,143,2.5,0,0,0,23.7,635
22/01/2023 01:00:00 -03:00,23.9,97.2,1010.8,0,180,0,0,0,0,23.3,634
22/01/2023 02:00:00 -03:00,23.4,98.8,1010.7,0,180,0,0,0,0,23.1,633
22/01/2023 03:00:00 -03:00,23.4,99,1010.9,0,180,0,0,0,0,23.1,632
22/01/2023 04:00:00 -03:00,23,99,1011.2,0,180,0,0,0,0,22.8,631
22/01/2023 05:00:00 -03:00,23,99,1011.6,0,180,0,0,1366,0,22.7,630
22/01/2023 06:00:00 -03:00,24.7,94.8,1012,0,360,1.1,0,5243,1,23.6,629
22/01/2023 07:00:00 -03:00,27.6,84.9,1012.1,0,142,1.1,0,10973,2,24.6,628
22/01/2023 08:00:00 -03:00,29.8,74.7,1012.3,0.5,137.1,4,0,27298,5,24.6,627
22/01/2023 09:00:00 -03:00,30.4,71.3,1012.2,1.1,120.3,5.4,0,36921,7,24.4,626
22/01/2023 10:00:00 -03:00,31.3,69.2,1011.8,1.6,131.5,6.8,0,50492,10,24.8,625
22/01/2023 11:00:00 -03:00,30.5,73.7,1011.4,2.3,126.1,6.8,0,38256,8,25,624
22/01/2023 12:00:00 -03:00,31,71.7,1010.6,1.9,115.8,6.8,0,45848,8,25,623
22/01/2023 13:00:00 -03:00,30.8,73.1,1010,2.3,125.5,6.8,0,39378,6,25.1,622
22/01/2023 14:00:00 -03:00,30.4,74.5,1009.7,2.3,118.1,6.8,0,38322,4,25.1,621
22/01/2023 15:00:00 -03:00,30.4,72.8,1009.4,1.9,114.3,6.8,0,32649,2,24.7,620
22/01/2023 16:00:00 -03:00,29.7,76.6,1009.7,1.8,128.3,5.4,0,22781,1,24.9,619
22/01/2023 17:00:00 -03:00,28.2,82.1,1010,1.7,124.7,5.4,0,2583,0,24.7,618
22/01/2023 18:00:00 -03:00,27.7,84,1010.2,1.6,121.9,5.4,0,0,0,24.6,617
22/01/2023 19:00:00 -03:00,27.5,85.2,1010.8,1.1,124.1,5.4,0,0,0,24.6,616
23/01/2023 09:00:00 -03:00,30.9,72.2,1012.3,2.3,126.2,6.8,0,49511,9,25,602
23/01/2023 10:00:00 -03:00,31,71.5,1012.2,2.3,123.3,6.8,0,52532,11,25,601
23/01/2023 11:00:00 -03:00,31.2,70.7,1011.9,2.3,126.9,6.8,0,54912,11,25,600
23/01/2023 12:00:00 -03:00,31.3,71.2,1011.3,2.4,129.6,6.8,0,55442,10,25.2,599
23/01/2023 13:00:00 -03:00,31.2,72.7,1010.7,2.6,131.6,6.8,0,53769,8,25.5,598
23/01/2023 14:00:00 -03:00,30,74.9,1010.4,2.8,120.5,8.6,0,35705,4,24.9,597
23/01/2023 15:00:00 -03:00,29.9,75.2,1010.4,2.6,125.5,6.8,0,30709,2,24.8,596
23/01/2023 16:00:00 -03:00,28.7,79.1,1010.4,2.3,113.7,6.8,0,10772,1,24.5,595
23/01/2023 17:00:00 -03:00,28,81.3,1010.5,1.5,135.5,5.4,0,1890,0,24.3,594
23/01/2023 18:00:00 -03:00,27.6,82.2,1010.9,1.4,141.7,5.4,0,0,0,24.2,593
23/01/2023 19:00:00 -03:00,27.6,82.8,1011.5,1.2,132.6,5.4,0,0,0,24.2,592
23/01/2023 20:00:00 -03:00,27.5,82.4,1012,1.4,123.8,5.4,0,0,0,24,591
23/01/2023 21:00:00 -03:00,27.4,83,1012.3,0.8,148.2,5.4,0,0,0,24.1,590
23/01/2023 22:00:00 -03:00,27.2,82.6,1012.1,0.9,140.9,4,0,0,0,23.9,589
23/01/2023 23:00:00 -03:00,27.3,83.1,1011.2,1.5,128.1,5.4,0,0,0,23.9,588
24/01/2023 00:00:00 -03:00,27,84.7,1010.6,0.5,141.8,4,0,0,0,23.9,587
24/01/2023 01:00:00 -03:00,26.3,88.9,1010,0,164,2.5,0.6,0,0,24.1,586
24/01/2023 02:00:00 -03:00,24.1,97.9,1010,0.3,181.4,5.4,7.8,0,0,23.7,585
24/01/2023 03:00:00 -03:00,23.7,99,1009.9,0.1,246,2.5,1.2,0,0,23.3,584
24/01/2023 04:00:00 -03:00,23.9,99,1010,0,180,0,0,0,0,23.6,583
24/01/2023 05:00:00 -03:00,24,99,1010.6,0,180,0,0,1493,0,23.7,582
24/01/2023 06:00:00 -03:00,25.2,98.2,1011,0,180,0,0,5761,1,24.7,581
24/01/2023 07:00:00 -03:00,28.2,83.7,1011.1,0.3,149.2,4,0,17480,3,24.9,580
24/01/2023 08:00:00 -03:00,30.2,72.2,1011.2,1.2,138.7,5.4,0,34689,6,24.4,579
24/01/2023 11:00:00 -03:00,30.6,69.3,1010.4,2.4,127,6.8,0,52528,11,24.2,576
24/01/2023 12:00:00 -03:00,30.8,67.7,1009.6,2.2,136.6,6.8,0,55482,10,23.9,575
24/01/2023 13:00:00 -03:00,31.4,64.2,1008.8,1.9,144.1,6.8,0,54389,8,23.5,574
24/01/2023 14:00:00 -03:00,30.6,70.7,1008.4,2.5,129,6.8,0,47689,4,24.4,573
24/01/2023 15:00:00 -03:00,29.6,73.9,1008.4,2.7,121.7,6.8,0,38518,2,24.2,572
24/01/2023 16:00:00 -03:00,29.2,72,1008.5,2.3,120.7,6.8,0,27152,1,23.4,571
24/01/2023 17:00:00 -03:00,27.9,78.7,1009,1.7,129.4,5.4,0,2333,0,23.6,570
24/01/2023 18:00:00 -03:00,27.5,80.5,1009.6,1.8,114.4,5.4,0,0,0,23.6,569
24/01/2023 19:00:00 -03:00,27.4,78.8,1010.4,1.4,121.4,5.4,0,0,0,23.1,568
24/01/2023 20:00:00 -03:00,27.3,78.8,1011,1.5,118.5,6.8,0,0,0,23.1,567
24/01/2023 21:00:00 -03:00,27,80.4,1011.1,1.1,135.9,5.4,0,0,0,23.2,566
24/01/2023 22:00:00 -03:00,26.9,80.6,1010.9,1.1,121.9,5.4,0,0,0,23,565
24/01/2023 23:00:00 -03:00,26.6,81.1,1010.6,0.6,134.4,5.4,0,0,0,23,564
25/01/2023 00:00:00 -03:00,26.3,82.2,1010,0.5,133.2,4,0,0,0,22.9,563
25/01/2023 01:00:00 -03:00,25.8,83.5,1009.5,0.2,139.3,2.5,0,0,0,22.6,562
25/01/2023 02:00:00 -03:00,25.4,85.2,1009.2,0.1,136.8,2.5,0,0,0,22.6,561
25/01/2023 03:00:00 -03:00,23.5,94.4,1009.5,0,180,1.1,0,0,0,22.4,560
25/01/2023 04:00:00 -03:00,22.7,97.2,1009.8,0,180,0,0,0,0,22.2,559
25/01/2023 05:00:00 -03:00,22.5,98.2,1010.3,0,180,0,0,1343,0,22.1,558
25/01/2023 06:00:00 -03:00,25.2,88.5,1010.6,0,360,1.1,0,5948,2,23,557
25/01/2023 07:00:00 -03:00,28.1,76,1010.8,0.6,125.8,5.4,0,14796,2,23.3,556
25/01/2023 08:00:00 -03:00,28.5,73.2,1011,0.8,127.2,4,0,19564,4,23.1,555
25/01/2023 09:00:00 -03:00,29.8,67.1,1010.8,1.5,122,5.4,0,39090,8,22.8,554
25/01/2023 10:00:00 -03:00,30.1,66.3,1010.5,1.6,120.1,6.8,0,43070,10,22.9,553
25/01/2023 11:00:00 -03:00,30.4,64.8,1010.2,2.2,122.7,10.1,0,53000,11,22.8,552
25/01/2023 12:00:00 -03:00,30.3,65.6,1009.6,2.3,119.6,8.6,0,43243,8,22.9,551
25/01/2023 13:00:00 -03:00,30.5,65.2,1009,2,109.1,8.6,0,47058,7,23,550
25/01/2023 14:00:00 -03:00,30.2,66,1008.7,1.9,109.9,8.6,0,36430,4,22.9,549
25/01/2023 15:00:00 -03:00,30.2,64.2,1008.5,2.3,115.5,6.8,0,40905,2,22.4,548
25/01/2023 16:00:00 -03:00,29.6,68.2,1008.6,1.3,118.2,5.4,0,25705,1,22.9,547
25/01/2023 17:00:00 -03:00,27.8,73.4,1008.8,1.6,122.2,6.8,0,2040,0,22.4,546
25/01/2023 18:00:00 -03:00,27.1,77.6,1009.4,1.2,118.6,5.4,0,0,0,22.7,545
25/01/2023 19:00:00 -03:00,27,79.2,1009.9,0.8,127.5,4,0,0,0,22.8,544
25/01/2023 20:00:00 -03:00,26.8,80.1,1010.2,1,126.3,5.4,0,0,0,22.9,543
25/01/2023 21:00:00 -03:00,26.8,80.5,1010.7,0.9,138.6,5.4,0,0,0,22.9,542
25/01/2023 22:00:00 -03:00,26.7,80.8,1010.8,0.5,125.1,4,0,0,0,23,541
25/01/2023 23:00:00 -03:00,25.6,85.9,1010.3,0,180,1.1,0,0,0,22.8,540
26/01/2023 00:00:00 -03:00,23.7,95.2,1010,0,180,0,0,0,0,22.7,539
26/01/2023 01:00:00 -03:00,23.1,97.2,1009.6,0,180,0,0,0,0,22.5,538
26/01/2023 02:00:00 -03:00,22.8,97.4,1009.4,0,180,0,0,0,0,22.2,537
26/01/2023 03:00:00 -03:00,23,96.4,1009.6,0,180,0,0,0,0,22.2,536
26/01/2023 04:00:00 -03:00,22.7,98.1,1010,0,180,0,0,0,0,22.2,535
26/01/2023 05:00:00 -03:00,22.3,99,1010.5,0,180,0,0,1106,0,22,534
26/01/2023 06:00:00 -03:00,24.2,93.7,1010.9,0,360,0,0,5336,1,23,533
26/01/2023 07:00:00 -03:00,27.9,82.5,1010.9,0,236,2.5,0,13865,3,24.4,532
26/01/2023 08:00:00 -03:00,29.4,76.9,1010.8,0.9,124.7,5.4,0,26888,5,24.6,531
26/01/2023 09:00:00 -03:00,29.9,74.7,1010.6,1.5,115.2,6.8,0,30074,6,24.6,530
26/01/2023 10:00:00 -03:00,30.2,72,1010.4,1.5,109.2,8.6,0,40792,9,24.3,529
26/01/2023 11:00:00 -03:00,30.7,70,1010,2.1,115.9,6.8,0,48286,10,24.4,528
26/01/2023 14:00:00 -03:00,31.1,68.4,1008.3,1.8,125.4,8.6,0,45893,4,24.3,525
26/01/2023 15:00:00 -03:00,30.2,71.9,1008.3,2.1,120.1,6.8,0,33131,2,24.3,524
26/01/2023 16:00:00 -03:00,29.6,73.7,1008.5,2,124,6.8,0,26094,1,24.2,523
26/01/2023 17:00:00 -03:00,28.1,80.1,1009.2,1.5,133.6,5.4,0,2544,0,24.1,522
26/01/2023 18:00:00 -03:00,27.6,82,1009.7,1.2,127.7,5.4,0,0,0,24,521
26/01/2023 19:00:00 -03:00,27.5,81.9,1010.6,1,129.2,4,0,0,0,23.9,520
26/01/2023 20:00:00 -03:00,27.6,81.6,1011.2,1.2,129,5.4,0,0,0,24,519
26/01/2023 21:00:00 -03:00,27.5,82.6,1011.4,0.9,133.8,5.4,0,0,0,24.1,518
26/01/2023 22:00:00 -03:00,27.5,82.6,1011.3,1,124.6,4,0,0,0,24,517
26/01/2023 23:00:00 -03:00,27,84.4,1011,0.4,150.8,4,0,0,0,24,516
27/01/2023 00:00:00 -03:00,26.1,90.9,1010.5,0,130,2.5,0,0,0,24.3,515
27/01/2023 01:00:00 -03:00,26.4,89.7,1009.9,0.1,153.6,1.1,0,0,0,24.4,514
27/01/2023 02:00:00 -03:00,25.9,90.6,1010,0,135,2.5,0,0,0,24.1,513
27/01/2023 03:00:00 -03:00,24.8,95.6,1010.3,0,180,0,0,0,0,23.8,512
27/01/2023 04:00:00 -03:00,24.5,97.1,1010.8,0,180,0,0,0,0,23.8,511
27/01/2023 05:00:00 -03:00,24.2,97.1,1011.4,0,180,0,0,1298,0,23.6,510
27/01/2023 06:00:00 -03:00,26.4,90.4,1011.8,0.1,185,2.5,0,5865,1,24.6,509
27/01/2023 07:00:00 -03:00,29.7,76.5,1012.1,1.2,142.3,5.4,0,18194,3,24.9,508
27/01/2023 08:00:00 -03:00,30.2,74.7,1012.4,1.6,140.1,5.4,0,33032,6,25,507
27/01/2023 09:00:00 -03:00,30.5,73.8,1012.3,1.9,142.8,8.6,0,37503,7,25,506
27/01/2023 10:00:00 -03:00,30.7,73.2,1011.8,2.4,142.4,6.8,0,47298,10,25.1,505
27/01/2023 11:00:00 -03:00,31.1,71.6,1011.4,2.3,143,6.8,0,50566,11,25.1,504
27/01/2023 12:00:00 -03:00,31.2,71,1010.8,2.4,132.4,6.8,0,54423,10,25.1,503
27/01/2023 13:00:00 -03:00,31.1,70.7,1010.2,2.6,133.2,8.6,0,48635,7,24.9,502
27/01/2023 14:00:00 -03:00,31.3,69.4,1010.2,2.3,133.1,6.8,0,48734,4,24.8,501
27/01/2023 15:00:00 -03:00,30.8,70.5,1010.4,2.1,135.6,6.8,0,37660,2,24.6,500
27/01/2023 16:00:00 -03:00,30.2,72.2,1010.6,1.6,135.3,6.8,0,25512,1,24.4,499
27/01/2023 17:00:00 -03:00,28.5,78.6,1011,1.1,125.3,5.4,0,2340,0,24.2,498
27/01/2023 18:00:00 -03:00,27.8,82.8,1011.5,0.9,143.2,5.4,0,0,0,24.4,497
27/01/2023 19:00:00 -03:00,27.6,84.6,1012,0.7,155.5,4,0,0,0,24.6,496
27/01/2023 20:00:00 -03:00,27.5,85.3,1012.4,0.5,147,4,0,0,0,24.6,495
27/01/2023 21:00:00 -03:00,27.5,84.6,1012.8,0.8,153,4,0,0,0,24.5,494
27/01/2023 22:00:00 -03:00,27.7,84,1012.8,1.1,128.4,4,0,0,0,24.5,493
27/01/2023 23:00:00 -03:00,27.3,84.9,1012.3,0.9,135.8,4,0,0,0,24.4,492
28/01/2023 00:00:00 -03:00,26.9,86.4,1011.6,0.4,145,4,0,0,0,24.2,491
28/01/2023 01:00:00 -03:00,26.7,87.8,1011.2,0.4,150.8,4,0,0,0,24.3,490
28/01/2023 02:00:00 -03:00,27,84.2,1011.2,1.6,132.9,8.6,0,0,0,23.9,489
28/01/2023 03:00:00 -03:00,27,83,1011.4,1.5,144.2,5.4,0,0,0,23.6,488
28/01/2023 04:00:00 -03:00,26.7,81.6,1012,1.1,144.4,5.4,0,0,0,23.1,487
28/01/2023 05:00:00 -03:00,26.6,81.8,1012.5,0.6,151.4,5.4,0,1298,0,23,486
28/01/2023 06:00:00 -03:00,27.8,78.1,1013,0.6,152.2,4,0,6158,1,23.4,485
28/01/2023 07:00:00 -03:00,28.5,74.8,1013.4,1.5,146.9,6.8,0,14711,2,23.4,484
28/01/2023 08:00:00 -03:00,29.6,72.3,1013.4,2,145,8.6,0,32483,6,23.8,483
28/01/2023 09:00:00 -03:00,29.9,71.3,1013.2,2.5,137.7,6.8,0,35010,7,23.9,482
28/01/2023 10:00:00 -03:00,30.5,67.5,1012.6,2.9,153.3,10.1,0,50888,12,23.6,481
28/01/2023 11:00:00 -03:00,30.8,63.9,1012.1,3.3,147,11.5,0,51882,11,22.9,480
28/01/2023 12:00:00 -03:00,30.6,64.7,1011.5,3.3,147.6,10.1,0,49304,10,23,479
28/01/2023 13:00:00 -03:00,30.6,63.3,1011.2,2.8,151.8,8.6,0,47507,8,22.5,478
28/01/2023 14:00:00 -03:00,30.3,64.8,1010.9,3,144.9,10.1,0,42140,5,22.7,477
28/01/2023 15:00:00 -03:00,30,68.5,1011,2.4,144.3,8.6,0,35216,2,23.4,476
28/01/2023 16:00:00 -03:00,29.4,69.8,1011.5,2.7,155,8.6,0,22860,1,23,475
28/01/2023 17:00:00 -03:00,27.9,71.8,1012.2,1.4,169.1,6.8,0,2984,0,22.1,474
28/01/2023 18:00:00 -03:00,27.3,74.1,1012.7,1.5,167,6.8,0,0,0,22.1,473
28/01/2023 19:00:00 -03:00,27.2,75.6,1013.1,1,169.8,5.4,0,0,0,22.2,472
28/01/2023 20:00:00 -03:00,26.7,77,1013.2,0.4,174,4,0,0,0,22.1,471
28/01/2023 21:00:00 -03:00,26.8,77.2,1013.4,0.6,168.5,6.8,0,0,0,22.3,470
28/01/2023 22:00:00 -03:00,25.9,86.2,1013.2,0.5,135.1,6.8,0.3,0,0,23.2,469
28/01/2023 23:00:00 -03:00,24.9,93.2,1012.5,0.1,177.5,4,0,0,0,23.6,468
29/01/2023 00:00:00 -03:00,25.3,88.1,1011.9,0,180,1.1,0,0,0,23,467
29/01/2023 01:00:00 -03:00,25,89.6,1011.3,0,180,2.5,0.3,0,0,23,466
29/01/2023 02:00:00 -03:00,23.9,95.3,1011.2,0,180,2.5,0,0,0,23,465
29/01/2023 03:00:00 -03:00,23.1,98.8,1011.1,0,180,0,0,0,0,22.8,464
29/01/2023 04:00:00 -03:00,22.7,99,1011.4,0,180,1.1,0,0,0,22.4,463
29/01/2023 05:00:00 -03:00,22.6,99,1011.9,0,180,0,0,1247,0,22.3,462
29/01/2023 06:00:00 -03:00,24.2,94.2,1012.3,0,360,1.1,0,7361,1,23,461
29/01/2023 07:00:00 -03:00,26.4,88.3,1012.5,0,360,1.1,0.3,14780,2,24.1,460
29/01/2023 08:00:00 -03:00,28.4,78.4,1012.6,1.3,156.6,6.8,0,23480,4,24,459
29/01/2023 09:00:00 -03:00,29.9,71.8,1012.4,1.7,154,5.4,0,38054,8,24,458
29/01/2023 10:00:00 -03:00,30.6,69,1012.1,2.1,135.5,6.8,0,50207,11,24,457
29/01/2023 11:00:00 -03:00,30.6,69.5,1011.7,2.4,146.7,6.8,0,46136,10,24.1,456
29/01/2023 12:00:00 -03:00,30.5,69.4,1010.8,2.5,134.7,8.6,0,48222,9,24,455
29/01/2023 13:00:00 -03:00,31,68.6,1010,2.5,156.8,11.5,0,48634,7,24.2,454
29/01/2023 14:00:00 -03:00,30.5,68.9,1009.4,2.8,143.3,6.8,0,46349,5,23.9,453
29/01/2023 15:00:00 -03:00,30.3,67.5,1009.2,2.3,154.7,6.8,0,36252,2,23.4,452
29/01/2023 16:00:00 -03:00,29.2,73.1,1009.5,1.8,157.2,8.6,0,18580,1,23.6,451
29/01/2023 17:00:00 -03:00,27.8,76.8,1010.1,1.1,162.8,5.4,0,2170,0,23.2,450
29/01/2023 18:00:00 -03:00,27.4,80.5,1010.5,1.3,144.7,5.4,0,0,0,23.5,449
29/01/2023 19:00:00 -03:00,27.2,80.9,1010.8,1.4,145.8,5.4,0,0,0,23.4,448
29/01/2023 20:00:00 -03:00,27.2,83,1011.4,1.5,151.7,6.8,0,0,0,23.9,447
29/01/2023 21:00:00 -03:00,27.2,82,1011.5,1.4,138.1,6.8,0,0,0,23.6,446
29/01/2023 22:00:00 -03:00,27,83.4,1011.2,0.6,150.6,4,0,0,0,23.7,445
29/01/2023 23:00:00 -03:00,27,81.8,1010.4,0.9,133.9,5.4,0,0,0,23.4,444
30/01/2023 00:00:00 -03:00,26.6,82.8,1009.7,0.7,149.3,5.4,0,0,0,23.2,443
30/01/2023 01:00:00 -03:00,26.3,85.7,1009.1,0.2,165,2.5,0,0,0,23.5,442
30/01/2023 02:00:00 -03:00,26.2,84.9,1008.8,0.1,155.9,2.5,0,0,0,23.3,441
30/01/2023 03:00:00 -03:00,26.4,84.8,1008.7,0.4,145.8,5.4,0,0,0,23.5,440
30/01/2023 04:00:00 -03:00,26,87.2,1009,0.1,158.2,2.5,0,0,0,23.5,439
30/01/2023 05:00:00 -03:00,25.8,89.8,1009.6,0,241,2.5,0,1612,0,23.8,438
30/01/2023 06:00:00 -03:00,26.1,89,1010.4,0.1,205.3,2.5,0,5710,1,24,437
30/01/2023 07:00:00 -03:00,28.3,82.2,1011,1.5,158.1,6.8,0,17842,3,24.8,436
30/01/2023 08:00:00 -03:00,29.1,77.9,1011.4,2.1,148.9,6.8,0,25507,4,24.5,435
30/01/2023 09:00:00 -03:00,30.2,71.8,1011.4,2.7,126.4,10.1,0,42737,9,24.3,434
30/01/2023 10:00:00 -03:00,30.3,70.6,1011.4,2.6,130,8.6,0,42487,10,24.1,433
30/01/2023 11:00:00 -03:00,30.8,67.9,1011.1,2.6,133.4,8.6,0,53335,12,23.9,432
30/01/2023 12:00:00 -03:00,30.8,69,1010.4,2.7,127.5,8.6,0,47353,9,24.2,431
30/01/2023 13:00:00 -03:00,30.4,71.3,1010,2.4,146.4,8.6,0,37835,6,24.3,430
30/01/2023 14:00:00 -03:00,30.5,69.5,1009.6,2.5,140,8.6,0,41032,4,24,429
30/01/2023 15:00:00 -03:00,30.3,68.1,1009.6,2.4,145.9,8.6,0,35539,2,23.5,428
30/01/2023 16:00:00 -03:00,29.4,74,1009.7,2.4,137.8,10.1,0,21106,1,24,427
30/01/2023 17:00:00 -03:00,27.9,76.9,1010.1,2.2,131.9,6.8,0,1846,0,23.2,426
30/01/2023 18:00:00 -03:00,27.5,78.2,1010.5,1.5,145.8,6.8,0,0,0,23.1,425
30/01/2023 19:00:00 -03:00,27.4,79,1011,1.6,131.4,5.4,0,0,0,23.3,424
30/01/2023 20:00:00 -03:00,27.3,81.2,1011.5,1.4,147.9,5.4,0,0,0,23.6,423
30/01/2023 21:00:00 -03:00,27.3,81.6,1011.5,1.5,137.8,5.4,0,0,0,23.7,422
30/01/2023 22:00:00 -03:00,27.4,81.4,1011.4,1.6,132.4,6.8,0,0,0,23.7,421
30/01/2023 23:00:00 -03:00,27.1,81.6,1011,0.8,147.4,5.4,0,0,0,23.5,420
31/01/2023 00:00:00 -03:00,26.9,83.2,1010.4,0.8,150,5.4,0,0,0,23.7,419
31/01/2023 01:00:00 -03:00,26.8,81.7,1009.8,0.6,131.6,5.4,0,0,0,23.3,418
31/01/2023 02:00:00 -03:00,26.8,82.8,1009.5,1,124.7,5.4,0,0,0,23.4,417
31/01/2023 03:00:00 -03:00,26.7,83.9,1009.6,0.4,127.7,4,0,0,0,23.6,416
31/01/2023 04:00:00 -03:00,25.9,86.4,1009.9,0,147,2.5,0,0,0,23.2,415
31/01/2023 05:00:00 -03:00,24.8,92.9,1010.2,0,180,0,0,1486,0,23.4,414
31/01/2023 06:00:00 -03:00,27.3,80.7,1010.8,1.1,134.4,5.4,0,8509,1,23.5,413
31/01/2023 07:00:00 -03:00,28.9,74.1,1011.2,2.2,120.5,6.8,0,19015,3,23.6,412
31/01/2023 08:00:00 -03:00,29.3,71.8,1011.6,2.5,123.8,8.6,0,29393,5,23.5,411
31/01/2023 09:00:00 -03:00,30.1,70,1011.6,1.8,120.5,6.8,0,39287,8,23.8,410
31/01/2023 10:00:00 -03:00,30.5,68.7,1011.4,2.2,128,8.6,0,46919,10,23.9,409
31/01/2023 11:00:00 -03:00,30.5,69.1,1010.9,2.4,111.3,8.6,0,45458,9,23.9,408
31/01/2023 12:00:00 -03:00,30.9,67.5,1010.4,2.4,135.3,8.6,0,48546,9,23.9,407
31/01/2023 13:00:00 -03:00,30.7,65.8,1009.8,2.3,126.7,8.6,0,41876,7,23.3,406
31/01/2023 14:00:00 -03:00,30.7,69,1009.1,2.4,127.9,8.6,0,42384,4,24.1,405
31/01/2023 15:00:00 -03:00,30.1,72.3,1009,2.1,131.1,5.4,0,31068,2,24.3,404
31/01/2023 16:00:00 -03:00,29.2,74.2,1009.4,2.1,121.9,6.8,0,17697,1,23.9,403
31/01/2023 17:00:00 -03:00,28.1,78.5,1010,2.1,126.9,5.4,0,1554,0,23.8,402
31/01/2023 18:00:00 -03:00,27.8,81.4,1010.7,1.7,123.2,8.6,0,0,0,24.1,401
31/01/2023 19:00:00 -03:00,27.8,81.2,1011.5,1.8,119.3,5.4,0,0,0,24.1,400
31/01/2023 20:00:00 -03:00,27.7,80.7,1012.4,1.8,127.5,6.8,0,0,0,23.9,399
31/01/2023 21:00:00 -03:00,27.6,80.9,1012.7,1.8,123.4,8.6,0,0,0,23.9,398
31/01/2023 22:00:00 -03:00,27.5,81.9,1012.5,1.2,128.4,5.4,0,0,0,24,397
31/01/2023 23:00:00 -03:00,27.3,82.7,1011.7,1.2,134.1,4,0,0,0,23.9,396
01/02/2023 00:00:00 -03:00,27,85.5,1011.2,0.6,146.4,5.4,0,0,0,24.1,447
01/02/2023 01:00:00 -03:00,26.7,87.2,1010.6,0.7,133.2,4,0,0,0,24.2,446
01/02/2023 02:00:00 -03:00,26.6,85.7,1010.4,0.5,141.2,4,0,0,0,23.9,445
01/02/2023 03:00:00 -03:00,26.5,85.8,1010.3,0.2,137.1,2.5,0,0,0,23.8,444
01/02/2023 04:00:00 -03:00,25.6,90.1,1010.6,0,180,1.1,0,0,0,23.7,443
01/02/2023 05:00:00 -03:00,24.8,93.8,1011.2,0,180,0,0,1628,0,23.5,442
01/02/2023 06:00:00 -03:00,26.1,89.3,1011.7,0.1,243,2.5,0,8507,1,24,441
01/02/2023 07:00:00 -03:00,27.4,85.2,1012.1,0.1,248.6,2.5,0,14983,2,24.5,440
01/02/2023 08:00:00 -03:00,29.8,74.8,1012.2,1.1,119.7,5.4,0,34633,6,24.6,439
01/02/2023 09:00:00 -03:00,30.8,67.4,1012.4,2.4,124,6.8,0,47156,10,23.9,438
01/02/2023 10:00:00 -03:00,30.9,67.5,1012.3,2.6,125.2,8.6,0,47518,11,23.9,437
01/02/2023 11:00:00 -03:00,31.1,67.8,1011.8,2.4,135.9,8.6,0,51392,11,24.2,436
01/02/2023 12:00:00 -03:00,31.2,65.1,1011.1,2.8,123.6,8.6,0,55744,11,23.6,435
01/02/2023 13:00:00 -03:00,30.9,67.2,1010.5,2.7,124.3,10.1,0,49818,8,23.9,434
01/02/2023 14:00:00 -03:00,30.6,68.6,1010.2,2.7,123.3,8.6,0,45171,4,23.9,433
01/02/2023 15:00:00 -03:00,30.4,69.1,1010.2,2.6,121.6,8.6,0,38464,2,23.8,432
01/02/2023 16:00:00 -03:00,29.5,72.6,1010.6,2.2,120.6,6.8,0,21103,1,23.8,431
01/02/2023 17:00:00 -03:00,28.2,77.7,1010.9,1.5,132.4,5.4,0,2224,0,23.8,430
01/02/2023 18:00:00 -03:00,27.7,79.7,1011.5,1,129,4,0,0,0,23.7,429
01/02/2023 19:00:00 -03:00,27.7,81,1012.1,1.3,125.1,5.4,0,0,0,23.9,428
01/02/2023 20:00:00 -03:00,27.6,81.8,1012.9,1.3,124.9,5.4,0,0,0,24,427
01/02/2023 21:00:00 -03:00,27.4,82.7,1013.4,0.8,129.4,4,0,0,0,24,426
01/02/2023 22:00:00 -03:00,27.3,84.4,1013.3,0.7,134.1,4,0,0,0,24.2,425
01/02/2023 23:00:00 -03:00,27.1,85.4,1012.6,0.2,159.1,2.5,0,0,0,24.2,424
02/02/2023 00:00:00 -03:00,26.7,86.9,1011.9,0.1,157.7,2.5,0,0,0,24.2,423
02/02/2023 01:00:00 -03:00,26.8,86.9,1011.6,0.3,135.2,4,0,0,0,24.2,422
02/02/2023 02:00:00 -03:00,25.8,90.3,1011.4,0,150,2.5,0,0,0,23.9,421
02/02/2023 03:00:00 -03:00,24.2,97,1011.3,0,180,0,0,0,0,23.6,420
02/02/2023 04:00:00 -03:00,23.8,98.4,1011.7,0,180,0,0,0,0,23.4,419
02/02/2023 05:00:00 -03:00,23.8,98.6,1012.4,0,180,1.1,0,1156,0,23.3,418
02/02/2023 06:00:00 -03:00,25.7,93.5,1012.9,0,360,1.1,0,6992,2,24.4,417
02/02/2023 07:00:00 -03:00,28.5,82.3,1013.5,0.4,131.6,4,0,15804,2,24.9,416
02/02/2023 08:00:00 -03:00,30.5,72,1013.8,1.5,132.2,5.4,0,33478,6,24.6,415
02/02/2023 09:00:00 -03:00,30.4,72.1,1013.9,2.1,129.5,6.8,0,36112,8,24.6,414
02/02/2023 10:00:00 -03:00,30.6,72.2,1013.8,2.4,120.4,8.6,0,43654,10,24.8,413
02/02/2023 11:00:00 -03:00,30.9,70.2,1013.4,2.8,122.4,6.8,0,50724,11,24.6,412
02/02/2023 12:00:00 -03:00,31,71.2,1012.7,2.7,130,6.8,0,47732,9,24.9,411
02/02/2023 13:00:00 -03:00,31.2,68.7,1012.2,2.7,129.4,8.6,0,50939,8,24.5,410
02/02/2023 14:00:00 -03:00,30.1,74.7,1011.6,2.8,121.9,10.1,0,30111,4,24.9,409
02/02/2023 15:00:00 -03:00,30,74,1011.3,2.7,125.3,8.6,0,30782,2,24.6,408
02/02/2023 16:00:00 -03:00,28.9,77.5,1011.7,2,134,5.4,0,11093,1,24.3,407
02/02/2023 17:00:00 -03:00,28.2,79.3,1012.2,1.8,133.4,6.8,0,1365,0,24,406
02/02/2023 18:00:00 -03:00,27.8,80.8,1012.8,1.4,143,5.4,0,0,0,24,405
02/02/2023 19:00:00 -03:00,27.6,81.2,1013.3,1.6,132.5,6.8,0,0,0,23.9,404
02/02/2023 20:00:00 -03:00,27.6,81.1,1013.8,1.6,134,6.8,0,0,0,23.9,403
02/02/2023 21:00:00 -03:00,27.4,82.3,1014.2,1.1,131.4,5.4,0,0,0,24,402
02/02/2023 22:00:00 -03:00,27.4,82.4,1014.3,1.4,128,5.4,0,0,0,23.9,401
02/02/2023 23:00:00 -03:00,27.2,81.6,1013.9,1.2,128.4,5.4,0,0,0,23.6,400
03/02/2023 00:00:00 -03:00,27.1,81.5,1013.3,1.3,130.3,5.4,0,0,0,23.5,399
03/02/2023 01:00:00 -03:00,27,81.2,1012.8,1.3,128.4,5.4,0,0,0,23.3,398
03/02/2023 02:00:00 -03:00,26.8,81.3,1012.6,0.9,127.4,4,0,0,0,23.1,397
03/02/2023 03:00:00 -03:00,26.8,81.9,1012.6,0.6,127.3,4,0,0,0,23.2,396
03/02/2023 04:00:00 -03:00,26.4,82.3,1012.7,0.5,139.9,4,0,0,0,23,395
03/02/2023 05:00:00 -03:00,26.4,83.7,1013.3,0.2,139.4,4,0,992,0,23.2,394
03/02/2023 06:00:00 -03:00,27.8,80.2,1013.8,0.6,143.7,4,0,6872,1,23.8,393
03/02/2023 07:00:00 -03:00,29.4,73.6,1014.5,2,142.2,5.4,0,18443,3,23.9,392
03/02/2023 08:00:00 -03:00,30.2,69.4,1014.7,2.3,115,8.6,0,35810,6,23.8,391
03/02/2023 09:00:00 -03:00,30.4,69.7,1014.7,2.4,126.5,8.6,0,40164,8,24,390
03/02/2023 10:00:00 -03:00,30.6,70.3,1014.6,2.5,131.8,6.8,0,44211,10,24.3,389
03/02/2023 11:00:00 -03:00,30.8,69.4,1014.1,2.3,142.7,6.8,0,44968,10,24.3,388
03/02/2023 12:00:00 -03:00,31.3,65.3,1013.5,2.5,131.3,6.8,0,52043,10,23.7,387
03/02/2023 13:00:00 -03:00,31.5,63.2,1012.8,2.1,151.6,5.4,0,49220,7,23.3,386
03/02/2023 14:00:00 -03:00,31.2,65.3,1012.2,2.4,149.9,8.6,0,49123,4,23.7,385
03/02/2023 15:00:00 -03:00,30.5,69.1,1012.2,2.2,130.4,6.8,0,36939,2,23.9,384
03/02/2023 16:00:00 -03:00,29.6,72.4,1012.6,1.4,147.2,6.8,0,18198,1,23.8,383
03/02/2023 17:00:00 -03:00,28.3,77.5,1013,1.3,156.3,5.4,0,2581,0,23.8,382
03/02/2023 18:00:00 -03:00,27.7,80.8,1013.6,1,168.8,5.4,0,0,0,23.9,381
03/02/2023 19:00:00 -03:00,27.6,81,1013.9,1.4,165.5,6.8,0,0,0,23.8,380
03/02/2023 20:00:00 -03:00,27.5,80.3,1014.4,0.9,146.7,5.4,0,0,0,23.6,379
03/02/2023 21:00:00 -03:00,27.3,80.8,1015.1,0.6,164.9,5.4,0,0,0,23.5,378
03/02/2023 22:00:00 -03:00,27.1,82.7,1015,0.5,170,4,0,0,0,23.7,377
03/02/2023 23:00:00 -03:00,27,83.5,1014.1,0.6,155,4,0,0,0,23.8,376
04/02/2023 00:00:00 -03:00,26.8,82.8,1013.5,0.7,149.8,4,0,0,0,23.4,375
04/02/2023 01:00:00 -03:00,26.6,82.4,1013.3,0.5,141.9,4,0,0,0,23.2,374
04/02/2023 02:00:00 -03:00,26,85.8,1013.1,0.1,167.7,2.5,0,0,0,23.3,373
04/02/2023 03:00:00 -03:00,26.3,85.8,1013.1,0.1,173.1,2.5,0,0,0,23.6,372
04/02/2023 04:00:00 -03:00,26.4,86.2,1013.1,0,182,1.1,0,0,0,23.7,371
04/02/2023 05:00:00 -03:00,25.1,90.8,1013.4,0,252,2.5,0,1077,0,23.3,370
04/02/2023 06:00:00 -03:00,26,88.6,1013.9,0,238,2.5,0,7807,1,23.7,369
04/02/2023 07:00:00 -03:00,28.6,80.2,1014.6,0.4,169.2,5.4,0,19041,3,24.7,368
04/02/2023 08:00:00 -03:00,30,74.3,1015.2,1.6,152.5,5.4,0,28326,5,24.7,367
04/02/2023 09:00:00 -03:00,30.6,71.8,1015.2,2.1,137.9,6.8,0,35680,7,24.7,366
04/02/2023 10:00:00 -03:00,28.3,83.5,1015.2,1.8,136,6.8,0.9,18641,4,24.9,365
04/02/2023 11:00:00 -03:00,29.6,80.6,1014.5,1.9,144.3,8.6,0,47214,10,25.7,364
04/02/2023 12:00:00 -03:00,30.8,73.1,1013.6,2.4,149.8,8.6,0,42119,8,25.2,363
04/02/2023 13:00:00 -03:00,31.4,69.4,1012.8,2.6,167.1,6.8,0,49726,8,24.8,362
04/02/2023 14:00:00 -03:00,31.4,70.1,1012.3,2.5,159.4,10.1,0,45070,5,25,361
04/02/2023 15:00:00 -03:00,30.6,73.2,1012.2,2.4,153.7,8.6,0,36054,2,25,360
04/02/2023 16:00:00 -03:00,29.5,77.5,1012.5,2.1,164.6,8.6,0,16014,2,24.9,359
04/02/2023 17:00:00 -03:00,27.8,85.3,1012.8,1.5,161.5,5.4,0.3,2930,0,24.9,358
04/02/2023 18:00:00 -03:00,25.9,96.9,1013.5,0.3,143.1,6.8,5.7,0,0,25.2,357
04/02/2023 19:00:00 -03:00,25.1,98.9,1014,0.1,133.1,4,10.8,0,0,24.8,356
04/02/2023 20:00:00 -03:00,24.9,99,1014.7,0.3,172.6,6.8,10.8,0,0,24.6,355
04/02/2023 21:00:00 -03:00,24.4,99,1014.9,0.1,186,4,0.9,0,0,24,354
04/02/2023 22:00:00 -03:00,24.4,99,1014.2,0.1,168,2.5,3.3,0,0,24.1,353
04/02/2023 23:00:00 -03:00,24.4,99,1013.6,0,129,2.5,0.3,0,0,24.1,352
05/02/2023 00:00:00 -03:00,24.4,99,1012.7,0,180,0,0,0,0,24.1,351
05/02/2023 01:00:00 -03:00,24.4,99,1012.2,0,180,0,0,0,0,24.1,350
05/02/2023 02:00:00 -03:00,24.4,99,1012,0,180,0,0,0,0,24.1,349
05/02/2023 03:00:00 -03:00,24.5,99,1012,0,168,2.5,0,0,0,24.2,348
05/02/2023 04:00:00 -03:00,24.5,99,1012.2,0,180,1.1,0,0,0,24.2,347
05/02/2023 05:00:00 -03:00,24.5,99,1012.6,0,180,0,0,1621,0,24.2,346
05/02/2023 06:00:00 -03:00,25.1,99,1013.2,0,180,0,0,6578,1,24.8,345
05/02/2023 07:00:00 -03:00,26.2,98.4,1013.5,0,360,1.1,0,14794,3,25.7,344
05/02/2023 08:00:00 -03:00,29.7,81.7,1013.9,1.1,134.9,5.4,0,35046,6,26,343
05/02/2023 09:00:00 -03:00,30.5,77.1,1014,2,128.7,8.6,0,46302,9,25.8,342
05/02/2023 10:00:00 -03:00,30,79.1,1013.9,1.8,120.9,8.6,0,30578,6,25.7,341
05/02/2023 11:00:00 -03:00,30.5,78.9,1013.3,2.2,142,8.6,0,56077,12,26.2,340
05/02/2023 12:00:00 -03:00,30.9,76.8,1012.4,2.5,139.4,6.8,0,54000,10,26.1,339
05/02/2023 13:00:00 -03:00,31.1,75,1011.6,2.3,142.6,6.8,0,49142,8,25.9,338
05/02/2023 14:00:00 -03:00,30.7,74.5,1011.1,2.1,145.1,6.8,0,40223,4,25.4,337
05/02/2023 15:00:00 -03:00,29.6,77.4,1010.8,1.4,148.5,6.8,0,18653,2,25,336
05/02/2023 16:00:00 -03:00,28.8,81.8,1010.8,0.9,150.6,4,0,9416,1,25.2,335
05/02/2023 17:00:00 -03:00,28.1,84.8,1011.1,0.6,151.3,4,0,1711,0,25.1,334
05/02/2023 18:00:00 -03:00,27.6,86.6,1011.5,1.1,146.8,5.4,0,0,0,25,333
05/02/2023 19:00:00 -03:00,27.4,87.6,1012.1,0.9,148.8,5.4,0,0,0,25,332
05/02/2023 20:00:00 -03:00,27.1,90.1,1012.7,0.3,129.9,4,0,0,0,25.1,331
05/02/2023 21:00:00 -03:00,26.1,95.9,1012.9,0,180,0,0,0,0,25.2,330
05/02/2023 22:00:00 -03:00,25.2,99,1012.6,0.1,177,2.5,2.1,0,0,24.9,329
05/02/2023 23:00:00 -03:00,24.5,98.9,1012.4,0.1,211.4,2.5,0,0,0,24.1,328
06/02/2023 00:00:00 -03:00,24.2,99,1011.8,0,180,0,0,0,0,23.8,327
06/02/2023 01:00:00 -03:00,24.2,99,1011.4,0,180,0,0.3,0,0,23.9,326
06/02/2023 02:00:00 -03:00,24.2,99,1011.2,0,180,0,0,0,0,23.8,325
06/02/2023 03:00:00 -03:00,24.1,99,1011.2,0,171,2.5,4.2,0,0,23.7,324
06/02/2023 04:00:00 -03:00,23.8,99,1011.6,0,160,2.5,4.8,0,0,23.5,323
06/02/2023 05:00:00 -03:00,23.1,99,1012.1,0,180,1.1,5.1,108,0,22.8,322
06/02/2023 06:00:00 -03:00,23.3,99,1012.6,0,237,2.5,14.7,478,0,23,321
06/02/2023 07:00:00 -03:00,23.1,99,1013.6,0.1,310.3,4,28.5,878,0,22.8,320
06/02/2023 08:00:00 -03:00,23,99,1013.9,0.1,202.8,4,0,3755,1,22.8,319
06/02/2023 09:00:00 -03:00,23.1,99,1014.5,0.2,174.2,2.5,7.2,2525,1,22.8,318
06/02/2023 10:00:00 -03:00,23.2,99,1014.6,0,147,1.1,5.1,2161,1,22.9,317
06/02/2023 11:00:00 -03:00,23.1,99,1013.6,0,180,1.1,0,6558,1,22.8,316
06/02/2023 12:00:00 -03:00,23,98.9,1013.3,0.8,117.4,6.8,0,5802,1,22.7,315
06/02/2023 13:00:00 -03:00,22.8,99,1012.2,0,180,0,0,10696,2,22.5,314
06/02/2023 14:00:00 -03:00,24.2,95.2,1011.1,0,180,0,0,14835,2,23.2,313
06/02/2023 15:00:00 -03:00,25.2,94.1,1010.6,0,180,0,0,12116,2,24,312
06/02/2023 16:00:00 -03:00,25.9,93.4,1010.5,0,180,0,0,10993,1,24.6,311
06/02/2023 17:00:00 -03:00,25.4,97.2,1010.8,0,180,0,0,1673,0,24.7,310
06/02/2023 18:00:00 -03:00,24.3,99,1011.2,0,180,0,0,0,0,24,309
06/02/2023 19:00:00 -03:00,23.7,99,1011.8,0,180,0,0,0,0,23.4,308
06/02/2023 20:00:00 -03:00,23.3,99,1012.4,0,180,0,0,0,0,23,307
06/02/2023 21:00:00 -03:00,23,99,1012.8,0,180,0,0,0,0,22.7,306
06/02/2023 22:00:00 -03:00,22.7,99,1012.4,0,180,0,0,0,0,22.3,305
06/02/2023 23:00:00 -03:00,22.4,99,1011.9,0,180,0,0,0,0,22.1,304
07/02/2023 00:00:00 -03:00,22.2,99,1011.2,0,180,0,0,0,0,21.9,303
07/02/2023 01:00:00 -03:00,22,99,1010.6,0,180,0,0,0,0,21.7,302
07/02/2023 02:00:00 -03:00,21.6,99,1010.6,0,180,0,0,0,0,21.3,301
07/02/2023 03:00:00 -03:00,21.3,99,1010.7,0,180,0,0,0,0,21,300
07/02/2023 04:00:00 -03:00,21.1,99,1011.1,0,180,0,0,0,0,20.8,299
07/02/2023 05:00:00 -03:00,21.1,99,1011.5,0,180,0,0,1265,0,20.8,298
07/02/2023 06:00:00 -03:00,22.4,99,1012,0,180,0,0,8262,2,22.1,297
07/02/2023 07:00:00 -03:00,26.8,88.6,1012.5,0.2,141,4,0,17638,3,24.5,296
07/02/2023 08:00:00 -03:00,29.2,75.9,1013,1.9,157.8,8.6,0,33534,6,24.3,295
07/02/2023 09:00:00 -03:00,28.3,79.3,1013.2,2.2,145.9,8.6,0.3,31425,7,24.1,294
07/02/2023 10:00:00 -03:00,29.5,69.7,1013.2,3.2,141.7,8.6,0,48844,12,23.2,293
07/02/2023 11:00:00 -03:00,30,68.1,1012.8,2.7,142.8,10.1,0,49278,10,23.3,292
07/02/2023 12:00:00 -03:00,29.8,68.8,1012.1,2.6,144.8,8.6,0,41248,8,23.2,291
07/02/2023 13:00:00 -03:00,30.9,63.6,1011.3,2.4,162.7,6.8,0,53534,8,22.9,290
07/02/2023 14:00:00 -03:00,30.6,61.6,1010.8,2.4,151.9,8.6,0,46204,5,22.1,289
07/02/2023 15:00:00 -03:00,30,63.3,1010.8,2.1,156.6,8.6,0,36462,2,22,288
07/02/2023 16:00:00 -03:00,28.8,64.6,1011,2,163.3,6.8,0,21788,1,21.3,287
07/02/2023 17:00:00 -03:00,27.4,67.5,1011.5,1.3,166.2,5.4,0,3009,0,20.7,286
07/02/2023 18:00:00 -03:00,26.6,72.6,1011.8,0.4,176.9,4,0,0,0,21.1,285
07/02/2023 19:00:00 -03:00,26.3,71.8,1012.4,0.4,153.5,4,0,0,0,20.6,284
07/02/2023 20:00:00 -03:00,24.8,80.2,1013,0,180,1.1,0,0,0,21,283
07/02/2023 21:00:00 -03:00,22.5,91.7,1013.1,0,180,1.1,0,0,0,20.9,282
07/02/2023 22:00:00 -03:00,21.8,95.3,1012.8,0,180,0,0,0,0,20.9,281
07/02/2023 23:00:00 -03:00,21.4,97.5,1012.4,0,180,0,0,0,0,20.9,280
08/02/2023 00:00:00 -03:00,21,98.4,1012,0,180,0,0,0,0,20.6,279
08/02/2023 01:00:00 -03:00,20.6,99,1011.3,0,180,0,0,0,0,20.3,278
08/02/2023 02:00:00 -03:00,20.4,99,1011,0,180,0,0,0,0,20.2,277
08/02/2023 03:00:00 -03:00,20.4,99,1010.9,0,180,1.1,0,0,0,20.1,276
08/02/2023 04:00:00 -03:00,20.4,99,1011.2,0,180,0,0,0,0,20.2,275
08/02/2023 05:00:00 -03:00,20.4,99,1011.6,0,180,0,0,1727,0,20.2,274
08/02/2023 06:00:00 -03:00,23.5,90.4,1011.6,0,180,1.1,0,9665,2,21.7,273
08/02/2023 07:00:00 -03:00,26.9,80.1,1012,0.1,229.3,2.5,0,19434,3,23,272
08/02/2023 08:00:00 -03:00,29.1,75.9,1012.4,0.3,195.4,4,0,27430,4,24.2,271
08/02/2023 09:00:00 -03:00,29,76.2,1012.5,1.2,174.4,5.4,0,26102,5,24.1,270
08/02/2023 10:00:00 -03:00,29.6,74.7,1012.2,1.5,148.2,6.8,0,35338,7,24.4,269
08/02/2023 11:00:00 -03:00,30.1,73.2,1011.6,2,141.2,6.8,0,45194,9,24.5,268
08/02/2023 12:00:00 -03:00,30.6,71.5,1010.8,2.2,138.7,6.8,0,50508,9,24.6,267
08/02/2023 13:00:00 -03:00,29.4,74.7,1010.6,2.7,125.8,8.6,0,30898,5,24.2,266
08/02/2023 14:00:00 -03:00,29.3,75.8,1010.1,2,142.2,6.8,0,29501,4,24.4,265
08/02/2023 15:00:00 -03:00,29,75.6,1010,1.8,135.8,5.4,0,22121,2,24.1,264
08/02/2023 16:00:00 -03:00,28.3,76.7,1010.2,1.4,156.2,6.8,0,11205,1,23.6,263
08/02/2023 17:00:00 -03:00,27.5,78.5,1010.8,1,167.1,5.4,0,2396,0,23.2,262
08/02/2023 18:00:00 -03:00,26.9,80.7,1011.3,0.6,164,5.4,0,0,0,23.1,261
08/02/2023 19:00:00 -03:00,26.6,81.9,1011.8,0.4,166.2,5.4,0,0,0,23.1,260
08/02/2023 20:00:00 -03:00,26,85.5,1012.2,0,169,2.5,0,0,0,23.2,259
08/02/2023 22:00:00 -03:00,23.6,96.8,1012.6,0,180,0,0,0,0,22.9,257
08/02/2023 23:00:00 -03:00,23.4,98.2,1012.3,0,180,0,0,0,0,23,256
09/02/2023 00:00:00 -03:00,23.4,98.8,1011.6,0,180,0,0,0,0,23.1,255
09/02/2023 01:00:00 -03:00,23.1,99,1011,0,180,0,0,0,0,22.8,254
09/02/2023 02:00:00 -03:00,22.9,99,1011,0,180,0,0,0,0,22.6,253
09/02/2023 03:00:00 -03:00,22.7,99,1010.7,0,180,0,0,0,0,22.4,252
09/02/2023 04:00:00 -03:00,22.6,99,1010.8,0,180,0,0,0,0,22.3,251
09/02/2023 07:00:00 -03:00,27,89.7,1012.3,0.2,207.2,4,0.3,17700,3,25,248
09/02/2023 08:00:00 -03:00,28.4,85.8,1012.6,0.5,184.7,4,0,23500,4,25.6,247
09/02/2023 09:00:00 -03:00,29.7,81.4,1012.6,0.8,177,5.4,0,34712,7,25.9,246
09/02/2023 10:00:00 -03:00,28,88,1012.9,0.8,180.9,10.1,0.6,20882,4,25.5,245
09/02/2023 11:00:00 -03:00,29.6,81.6,1012.2,1.5,177.2,6.8,0,44904,9,25.9,244
09/02/2023 12:00:00 -03:00,28.5,85.1,1011.8,1,180.8,6.8,3,11289,2,25.5,243
09/02/2023 13:00:00 -03:00,24.7,98.6,1012.1,0.6,151.5,5.4,22.8,3895,1,24.3,242
09/02/2023 14:00:00 -03:00,24.3,99,1011.6,0.2,161.7,4,1.5,5401,1,24,241
09/02/2023 15:00:00 -03:00,24.6,99,1011.3,0,180,0,0,4555,1,24.2,240
09/02/2023 16:00:00 -03:00,24.6,99,1011.5,0,180,0,1.5,3130,1,24.2,239
09/02/2023 17:00:00 -03:00,24.3,99,1011.4,0,180,0,0,1350,0,24,238
09/02/2023 18:00:00 -03:00,24.2,99,1011.8,0,180,0,0,0,0,23.9,237
09/02/2023 19:00:00 -03:00,24,99,1012.3,0,180,0,0,0,0,23.7,236
09/02/2023 21:00:00 -03:00,23.9,99,1013,0,180,0,0,0,0,23.6,234
10/02/2023 00:00:00 -03:00,23.8,99,1011.8,0,180,0,0,0,0,23.4,231
10/02/2023 06:00:00 -03:00,25.2,98.5,1011.2,0.1,175.4,2.5,0,8334,2,24.8,225
10/02/2023 07:00:00 -03:00,28.5,83.7,1011.8,0.8,157.5,5.4,0,18845,3,25.3,224
10/02/2023 09:00:00 -03:00,29.9,76.6,1012.3,2.3,143.2,6.8,0,40086,8,25,222
10/02/2023 10:00:00 -03:00,29.9,76.4,1012.2,2.4,134.1,6.8,0,37723,8,25.1,221
10/02/2023 11:00:00 -03:00,30.1,75,1011.7,2.7,131.3,6.8,0,42159,8,24.9,220
10/02/2023 12:00:00 -03:00,30.4,72.8,1011.3,2.8,130.4,10.1,0,51158,10,24.7,219
10/02/2023 13:00:00 -03:00,30.3,72.8,1010.7,2.3,129.1,5.4,0,41134,7,24.7,218
10/02/2023 14:00:00 -03:00,30.1,72.7,1010.4,2.4,140.5,8.6,0,37888,4,24.4,217
10/02/2023 15:00:00 -03:00,30.2,73,1010,2.2,131.1,8.6,0,38017,2,24.5,216
10/02/2023 16:00:00 -03:00,29.5,74.9,1010.1,2,157,8.6,0,22681,1,24.3,215
10/02/2023 17:00:00 -03:00,27.8,80.5,1010.6,0.8,167.4,5.4,0,3300,0,24,214
11/02/2023 11:00:00 -03:00,30.3,73.5,1011.4,2,154.4,6.8,0,42139,8,24.8,196
11/02/2023 12:00:00 -03:00,31.2,67.6,1010.6,2.1,151.6,8.6,0,57211,11,24.2,195
11/02/2023 14:00:00 -03:00,30.8,69.4,1009.3,2.2,131.8,6.8,0,49578,5,24.3,193
11/02/2023 15:00:00 -03:00,30.2,73,1009.2,2.1,143.7,6.8,0,33404,2,24.6,192
11/02/2023 18:00:00 -03:00,27,80.2,1010.9,0.5,163.8,4,0,0,0,23.1,189
11/02/2023 21:00:00 -03:00,26.2,87.6,1012.4,0,180,1.1,0,0,0,23.8,186
11/02/2023 22:00:00 -03:00,24.9,92.4,1012.3,0,180,1.1,0,0,0,23.4,185
11/02/2023 23:00:00 -03:00,23.6,98.1,1011.6,0,180,0,0,0,0,23.1,184
12/02/2023 08:00:00 -03:00,30,77.6,1011.7,0.6,155.3,5.4,0,29705,5,25.3,175
12/02/2023 09:00:00 -03:00,30.2,74.8,1011.7,1.4,159.5,5.4,0,36680,7,25,174
12/02/2023 11:00:00 -03:00,31.2,70.4,1011.1,2.2,147.9,6.8,0,53073,11,24.9,172
12/02/2023 12:00:00 -03:00,31.1,71.1,1010.5,2.3,136.1,6.8,0,50967,9,25,171
12/02/2023 14:00:00 -03:00,31.2,72.5,1009.8,2.5,159.4,8.6,0,47416,5,25.4,169
13/02/2023 09:00:00 -03:00,30.8,73.7,1012,2.4,145.6,5.4,0,45998,9,25.2,150
13/02/2023 10:00:00 -03:00,30.6,74.7,1011.8,2.3,156.8,6.8,0,40024,8,25.3,149
13/02/2023 11:00:00 -03:00,30.3,75.1,1011.6,2.4,142,8.6,0,35917,7,25.1,148
13/02/2023 12:00:00 -03:00,30.7,72.6,1011,2.4,150.3,8.6,0,43836,8,24.9,147
13/02/2023 13:00:00 -03:00,30,74.3,1010.4,2.3,143,8.6,0,31774,5,24.7,146
13/02/2023 14:00:00 -03:00,30.6,73.5,1010,2.2,143.2,8.6,0,40000,4,25,145
13/02/2023 15:00:00 -03:00,30.3,73.8,1010,2.2,162,8.6,0,31021,2,24.9,144
13/02/2023 16:00:00 -03:00,29.3,77.2,1010.3,1.6,171.1,5.4,0,16383,1,24.6,143
13/02/2023 17:00:00 -03:00,28.1,81.3,1010.9,1.1,171.1,5.4,0,2843,0,24.3,142
13/02/2023 18:00:00 -03:00,27.4,83.8,1011.2,0.9,171.9,4,0,0,0,24.2,141
13/02/2023 20:00:00 -03:00,27.2,86.8,1012.2,0.3,179.8,4,0,0,0,24.7,139
13/02/2023 22:00:00 -03:00,27,87.3,1012,0.5,169.8,4,0,0,0,24.5,137
13/02/2023 23:00:00 -03:00,26.9,88.5,1011.3,0.3,177.9,4,0,0,0,24.6,136
14/02/2023 05:00:00 -03:00,26.8,87.9,1009.9,0.6,169,4,0,763,0,24.4,130
14/02/2023 06:00:00 -03:00,27.4,86.4,1010.4,0.8,162.2,4,0,6587,1,24.8,129
14/02/2023 07:00:00 -03:00,28.8,81.2,1011,1.8,152.8,6.8,0,17073,3,25.1,128
14/02/2023 08:00:00 -03:00,29.2,79.4,1011.3,1.9,148.7,8.6,0,24339,4,25,127
14/02/2023 09:00:00 -03:00,30.2,75.5,1011,2.3,152.3,6.8,0,35417,7,25.2,126
14/02/2023 10:00:00 -03:00,30.8,73.8,1010.9,2,150.3,6.8,0,44799,9,25.3,125
14/02/2023 11:00:00 -03:00,30.7,74.7,1010.6,1.9,154.6,6.8,0,35862,7,25.4,124
14/02/2023 12:00:00 -03:00,30.9,74,1010.1,2,151.5,6.8,0,42278,8,25.4,123
14/02/2023 13:00:00 -03:00,30.9,74.5,1009.6,2.1,141,8.6,0,40847,6,25.6,122
14/02/2023 14:00:00 -03:00,30.9,74.7,1009.6,1.9,159.8,8.6,0,34442,4,25.6,121
14/02/2023 15:00:00 -03:00,30.6,75,1009.6,1.6,170.6,5.4,0,29158,2,25.5,120
14/02/2023 16:00:00 -03:00,29.4,79.2,1009.8,1,169.7,5.4,0,12150,1,25.1,119
14/02/2023 17:00:00 -03:00,28.4,82.7,1010.4,1,170.3,5.4,0,1913,0,25,118
14/02/2023 18:00:00 -03:00,28,85.2,1010.6,0.8,181.6,5.4,0,0,0,25.1,117
14/02/2023 23:00:00 -03:00,25,99,1011.2,0.2,255.2,4,0.6,0,0,24.7,112
15/02/2023 07:00:00 -03:00,27.6,89.9,1010.9,0,137,2.5,0,19114,3,25.5,104
15/02/2023 08:00:00 -03:00,29.8,81.4,1011.2,1.3,152.5,5.4,0,33263,6,26.1,103
15/02/2023 11:00:00 -03:00,30.8,77.8,1010.2,1.9,144,5.4,0,39074,8,26.2,100
15/02/2023 12:00:00 -03:00,30.8,76.7,1009.7,2.5,125.9,6.8,0,47434,8,26,99
15/02/2023 13:00:00 -03:00,30.1,78,1009.2,1.8,145.1,6.8,0,28157,4,25.6,98
15/02/2023 14:00:00 -03:00,29.8,75.8,1008.8,1.3,145.7,5.4,0,21594,3,24.8,97
15/02/2023 15:00:00 -03:00,29,81.8,1008.5,1.7,147,5.4,0,14069,2,25.4,96
15/02/2023 17:00:00 -03:00,28.2,86.9,1009,0.5,155.4,4,0,1015,0,25.6,94
15/02/2023 18:00:00 -03:00,28.2,86.4,1009.2,1.2,134.7,5.4,0,0,0,25.5,93
15/02/2023 20:00:00 -03:00,28.1,85.9,1010.1,1.2,146.2,5.4,0,0,0,25.3,91
15/02/2023 21:00:00 -03:00,28,86.4,1010.3,1.1,132.2,5.4,0,0,0,25.4,90
15/02/2023 23:00:00 -03:00,27.6,88.8,1009.3,1.2,127.6,5.4,3.6,0,0,25.3,88
16/02/2023 02:00:00 -03:00,26.3,94.9,1007.8,0,172,1.1,0,0,0,25.2,85
16/02/2023 05:00:00 -03:00,25.3,98.8,1008.8,0,180,0,0,838,0,24.9,82
16/02/2023 07:00:00 -03:00,28.6,83.4,1009.8,1.2,142.5,5.4,0,17712,2,25.3,80
16/02/2023 10:00:00 -03:00,30.9,74.1,1010.1,1.7,143.5,5.4,0,44898,10,25.5,77
16/02/2023 11:00:00 -03:00,31.2,72.9,1009.2,2.2,128.4,6.8,0,48958,10,25.4,76
16/02/2023 12:00:00 -03:00,31,72.6,1008.4,2.4,138.8,6.8,0,44962,8,25.2,75
16/02/2023 13:00:00 -03:00,31,73.1,1007.7,2.2,132.3,5.4,0,40538,6,25.3,74
16/02/2023 14:00:00 -03:00,30.4,75.9,1007.1,1.9,119.2,6.8,0,29526,4,25.4,73
16/02/2023 15:00:00 -03:00,29.6,78.8,1007,1.7,131.5,5.4,0,16658,2,25.2,72
16/02/2023 16:00:00 -03:00,28.7,81.4,1007.2,1.6,133.8,5.4,0,6458,1,25,71
16/02/2023 17:00:00 -03:00,28.2,81.9,1007.7,1.8,124.1,5.4,0,882,0,24.7,70
16/02/2023 18:00:00 -03:00,28.1,83.2,1008.1,1.5,124.3,6.8,0,0,0,24.7,69
16/02/2023 19:00:00 -03:00,27.9,84,1008.8,1.2,138.1,5.4,0,0,0,24.7,68
16/02/2023 20:00:00 -03:00,27.8,85.1,1009.4,1.1,138.1,4,0,0,0,24.8,67
16/02/2023 21:00:00 -03:00,27.8,85.8,1009.8,1,124.7,5.4,0,0,0,25,66
16/02/2023 22:00:00 -03:00,27.8,86,1009.7,1.3,123.9,5.4,0,0,0,25,65
16/02/2023 23:00:00 -03:00,27.6,86.3,1009.3,1,127.2,5.4,0,0,0,24.9,64
17/02/2023 01:00:00 -03:00,27.2,86.3,1008.2,0.4,129.4,4,0,0,0,24.5,62
17/02/2023 02:00:00 -03:00,26.8,87.3,1007.8,0.1,130.9,2.5,0,0,0,24.3,61
17/02/2023 03:00:00 -03:00,26.1,91.1,1008.1,0,150,1.1,0,0,0,24.4,60
17/02/2023 04:00:00 -03:00,25,95.7,1008.5,0.2,58.4,4,3.3,0,0,24.2,59
17/02/2023 05:00:00 -03:00,24.3,98.7,1009,0,185,2.5,1.2,242,0,23.9,58
17/02/2023 06:00:00 -03:00,24.7,99,1009.2,0,180,0,0,5261,1,24.3,57
17/02/2023 07:00:00 -03:00,27.5,90.3,1009.7,0.8,159.2,5.4,0,17226,2,25.5,56
17/02/2023 08:00:00 -03:00,29,81.8,1010.1,1.2,148.1,5.4,0,23678,4,25.4,55
17/02/2023 09:00:00 -03:00,30,77,1010.1,1.6,139.4,5.4,0,34534,7,25.3,54
17/02/2023 10:00:00 -03:00,30,75.7,1009.7,2.2,119.6,5.4,0,36699,8,25,53
17/02/2023 11:00:00 -03:00,30.4,75.1,1009.2,2.3,129.9,6.8,0,39439,8,25.2,52
17/02/2023 12:00:00 -03:00,30.8,72.5,1008.7,2.2,127.1,6.8,0,49354,9,25,51
17/02/2023 13:00:00 -03:00,30.8,73.5,1008.1,2.4,127.3,8.6,0,49893,8,25.2,50
17/02/2023 14:00:00 -03:00,30.4,72.4,1007.6,2.7,122,6.8,0,43598,5,24.6,49
17/02/2023 15:00:00 -03:00,30.3,71.6,1007.4,1.8,151.6,6.8,0,34354,2,24.4,48
17/02/2023 16:00:00 -03:00,29.3,73.8,1007.4,1.9,132.7,6.8,0,20252,1,23.9,47
18/02/2023 15:00:00 -03:00,29.1,75,1008.9,1.8,131.5,5.4,0,17533,2,24,43
24/02/2023 10:00:00 -03:00,31,72.4,1012.8,1.6,147.9,6.8,0,48312,11,25.2,41
24/02/2023 11:00:00 -03:00,31.3,72.8,1012.6,1.8,100,4,0,60464,13,25.6,40
27/02/2023 09:00:00 -03:00,30.5,75.8,1014.7,2.7,143.3,6.8,0,37809,8,25.6,39
27/02/2023 10:00:00 -03:00,30.5,75.3,1014.6,2.8,134.8,8.6,0,41462,9,25.4,38
27/02/2023 11:00:00 -03:00,30.5,74.9,1014.1,2.4,150.3,8.6,0.3,33614,7,25.3,37
27/02/2023 12:00:00 -03:00,29.9,78.6,1013.4,2.7,131.8,8.6,0,39084,8,25.6,36
27/02/2023 13:00:00 -03:00,30.6,73.2,1012.8,2.8,145.3,8.6,0,41524,7,25,35
27/02/2023 14:00:00 -03:00,30.8,71.1,1012.6,2.5,147.5,8.6,0,40187,4,24.7,34
27/02/2023 15:00:00 -03:00,30.3,73.6,1012.6,2.2,157.8,6.8,0,29025,2,24.8,33
27/02/2023 16:00:00 -03:00,29.4,77.6,1013,1.3,151.6,5.4,0,16889,1,24.9,32
27/02/2023 17:00:00 -03:00,28.3,80.8,1013.5,1.4,170.7,5.4,0,2295,0,24.5,31
27/02/2023 18:00:00 -03:00,27.7,82.5,1013.9,1,166.1,4,0,0,0,24.3,30
27/02/2023 19:00:00 -03:00,27.7,83.6,1014.4,1.1,153.4,5.4,0,0,0,24.4,29
27/02/2023 20:00:00 -03:00,27.7,83.9,1014.8,0.9,160.7,4,0,0,0,24.5,28
27/02/2023 21:00:00 -03:00,27.7,85.5,1015.2,0.7,154.9,6.8,0,0,0,24.8,27
27/02/2023 22:00:00 -03:00,27.6,85.3,1014.9,0.7,153.2,4,0,0,0,24.7,26
27/02/2023 23:00:00 -03:00,27.3,86.3,1014.4,0.3,156.9,5.4,0,0,0,24.6,25
28/02/2023 00:00:00 -03:00,27.1,84.7,1013.9,0.5,159.7,5.4,0,0,0,24.1,24
28/02/2023 01:00:00 -03:00,26.9,84.6,1013.4,0.4,147.7,4,0,0,0,23.9,23
28/02/2023 02:00:00 -03:00,26.6,85.1,1013,0.3,157.2,4,0,0,0,23.7,22
28/02/2023 03:00:00 -03:00,26.6,85.2,1013.1,0.1,165.4,2.5,0,0,0,23.8,21
28/02/2023 04:00:00 -03:00,26.4,86.8,1013.4,0.1,171.4,2.5,0,0,0,23.8,20
28/02/2023 05:00:00 -03:00,26.4,88.3,1013.8,0,180,1.1,0,1112,0,24,19
28/02/2023 06:00:00 -03:00,28.4,81.1,1013.9,0.8,136.9,5.4,0,7418,1,24.5,18
28/02/2023 07:00:00 -03:00,29.5,76.6,1014.4,1.7,121.1,6.8,0,20888,3,24.7,17
28/02/2023 08:00:00 -03:00,29.9,75.5,1014.9,2,89,5.4,0,32320,5,24.9,16
28/02/2023 09:00:00 -03:00,28.7,85.1,1015,1.5,115.6,5.4,0.6,30217,7,25.8,15
28/02/2023 10:00:00 -03:00,30,76.9,1014.9,2.5,103.6,6.8,0,41211,10,25.3,14
28/02/2023 11:00:00 -03:00,30.7,72.9,1014.2,2.7,107.8,6.8,0,47331,10,25,13
28/02/2023 12:00:00 -03:00,31.1,71.3,1013.4,2.5,133.5,8.6,0,48490,10,25,12
28/02/2023 13:00:00 -03:00,30.7,72,1012.9,2.8,129.7,8.6,0,45143,8,24.9,11
28/02/2023 14:00:00 -03:00,31,71,1012.7,2.4,136.4,8.6,0,44752,4,24.9,10
28/02/2023 15:00:00 -03:00,30.3,73.5,1012.8,2.2,132.6,8.6,0,32041,2,24.7,9
28/02/2023 16:00:00 -03:00,29.8,74,1013,1.4,137.3,5.4,0,23493,1,24.5,8
28/02/2023 17:00:00 -03:00,28.4,79.2,1013.5,1.6,149.2,6.8,0,2338,0,24.3,7
28/02/2023 18:00:00 -03:00,28.1,80.9,1013.9,0.9,143.9,5.4,0,0,0,24.2,6
28/02/2023 19:00:00 -03:00,28,80,1014.3,1,143.3,6.8,0,0,0,24,5
28/02/2023 20:00:00 -03:00,27.6,84,1014.9,0.6,133.2,4,0,0,0,24.4,4
28/02/2023 21:00:00 -03:00,27.5,84.3,1015.1,0.6,145.7,4,0,0,0,24.4,3
28/02/2023 22:00:00 -03:00,27.2,84.6,1014.7,0.4,131.2,4,0,0,0,24.1,2
28/02/2023 23:00:00 -03:00,27.1,84.5,1014.2,0.4,145.8,4,0,0,0,24.1,1
01/03/2023 00:00:00 -03:00,26.8,87.7,1013.8,0.3,154.4,4,0.3,0,0,24.4,39
01/03/2023 01:00:00 -03:00,25.9,92.2,1013.2,0,180,1.1,0,0,0,24.4,38
01/03/2023 02:00:00 -03:00,26.2,89.8,1012.9,0.4,129.9,5.4,0,0,0,24.2,37
01/03/2023 03:00:00 -03:00,25.1,96,1012.7,0,180,0,0,0,0,24.2,36
01/03/2023 04:00:00 -03:00,25.8,93.2,1012.8,0.3,147.9,4,0,0,0,24.4,35
01/03/2023 05:00:00 -03:00,26.6,88.8,1012.9,0.4,143.8,4,0,1330,0,24.4,34
01/03/2023 06:00:00 -03:00,28,84.4,1013.2,1,131.8,5.4,0,14480,2,25,33
01/03/2023 07:00:00 -03:00,29,79.8,1014,1.9,122.4,6.8,0,23783,3,24.9,32
01/03/2023 08:00:00 -03:00,30.1,75.6,1014.3,2.4,110.8,8.6,0,40054,6,25,31
01/03/2023 09:00:00 -03:00,30.2,74,1014.3,2.7,113.7,8.6,0,38045,8,24.8,30
01/03/2023 10:00:00 -03:00,30.2,75.2,1014.1,2.6,117.5,8.6,0,41782,10,25,29
01/03/2023 11:00:00 -03:00,30.5,74.7,1013.5,2.7,120.4,8.6,0,34593,7,25.2,28
01/03/2023 12:00:00 -03:00,30.4,75,1012.4,2.5,127.9,6.8,0,34591,7,25.2,27
01/03/2023 13:00:00 -03:00,30.8,73.3,1011.6,2.4,135,8.6,0,42070,7,25.2,26
01/03/2023 14:00:00 -03:00,30.6,75.2,1011.2,2.4,130.8,8.6,0,37519,4,25.4,25
01/03/2023 15:00:00 -03:00,29.9,78,1011.2,2.4,139.9,8.6,0,24178,2,25.4,24
01/03/2023 16:00:00 -03:00,29.3,80.4,1011.5,1.8,145,8.6,0,17060,1,25.3,23
01/03/2023 17:00:00 -03:00,27.2,89.2,1012.2,1,153.7,5.4,0,853,0,25.1,22
01/03/2023 18:00:00 -03:00,27.4,86.8,1012.7,0.8,144.4,4,0,0,0,24.8,21
01/03/2023 19:00:00 -03:00,27.6,85.8,1013.1,1.2,165,2.5,0,0,0,24.8,20
01/03/2023 20:00:00 -03:00,27.5,87.1,1013.5,0.6,153,5.4,0,0,0,24.9,19
01/03/2023 21:00:00 -03:00,27.2,88.4,1013.4,0.8,158.8,4,0.3,0,0,24.9,18
01/03/2023 22:00:00 -03:00,27.2,88.3,1013.4,0.7,151.9,4,0,0,0,24.9,17
01/03/2023 23:00:00 -03:00,27.2,85.4,1012.6,1.3,146.7,5.4,0,0,0,24.4,16
02/03/2023 00:00:00 -03:00,27.1,85.1,1012.2,0.5,154.1,2.5,0,0,0,24.2,15
02/03/2023 01:00:00 -03:00,26.6,86,1011.2,0.4,175,1.1,0,0,0,23.9,14
02/03/2023 03:00:00 -03:00,26.4,86.5,1011.1,0.2,157.3,2.5,0,0,0,23.8,13
02/03/2023 04:00:00 -03:00,26.5,85.6,1011.3,0.2,149.3,4,0,0,0,23.7,12
02/03/2023 05:00:00 -03:00,26.6,85,1011.3,0.4,158.9,5.4,0,1088,0,23.6,11
02/03/2023 07:00:00 -03:00,28.8,78.6,1012.3,2,135.2,8.6,0,24814,3,24.5,9
02/03/2023 13:00:00 -03:00,30.6,73.5,1010.6,2.6,127,8.6,0,38802,6,25.1,3
02/03/2023 15:00:00 -03:00,29.2,78.2,1010.2,2.2,149,5.4,0,11984,2,24.8,1
14/04/2023 14:00:00 -03:00,30.4,70.4,1009.4,1.6,129,8.6,0,31243,3,24.2,279
14/04/2023 16:00:00 -03:00,28.9,78.5,1009.9,1.2,136.2,5.4,0,7290,1,24.5,277
14/04/2023 17:00:00 -03:00,27.8,80.2,1010.4,0.4,149.9,4,0,271,0,23.9,276
14/04/2023 18:00:00 -03:00,27.6,83,1010.9,0.3,147.7,4,0,0,0,24.3,275
14/04/2023 19:00:00 -03:00,27.6,82.5,1011.4,0.6,151.1,5.4,0,0,0,24.2,274
14/04/2023 20:00:00 -03:00,27.4,84.1,1011.6,0.3,151,5.4,0,0,0,24.2,273
14/04/2023 21:00:00 -03:00,27.1,85.4,1011.7,0.1,156,4,0,0,0,24.3,272
14/04/2023 22:00:00 -03:00,27.4,84.4,1011.6,0.4,117,5.4,0,0,0,24.3,271
14/04/2023 23:00:00 -03:00,27.4,84.5,1011.4,0.1,145.4,4,0,0,0,24.3,270
15/04/2023 00:00:00 -03:00,27.2,85.6,1011,0.2,154.8,4,0,0,0,24.3,269
15/04/2023 01:00:00 -03:00,26.1,90.9,1010.7,0.3,116.5,5.4,0.3,0,0,24.3,268
15/04/2023 02:00:00 -03:00,24.7,98.6,1010.4,0,180,0,0,0,0,24.4,267
15/04/2023 03:00:00 -03:00,24.4,99,1010.5,0,180,0,0,0,0,24,266
15/04/2023 04:00:00 -03:00,24.2,99,1010.8,0,180,0,0.3,0,0,23.8,265
15/04/2023 05:00:00 -03:00,24.4,99,1011.6,0.2,241,4,1.8,1185,0,24.1,264
15/04/2023 06:00:00 -03:00,25.4,99,1012.2,0,168,2.5,0,11393,1,25.1,263
15/04/2023 07:00:00 -03:00,27.4,93,1012.8,0,183,2.5,0,22153,3,26,262
15/04/2023 08:00:00 -03:00,29,85.8,1012.9,0.6,101.3,5.4,2.7,39286,7,26.1,261
15/04/2023 09:00:00 -03:00,31.4,74.2,1011.7,0.6,169.8,5.4,0,47330,10,26,260
15/04/2023 10:00:00 -03:00,31.4,72.3,1011.6,2.3,101.3,5.4,0,49765,12,25.6,259
15/04/2023 11:00:00 -03:00,30.7,74.5,1011.3,2.1,106.1,6.8,0,37879,8,25.4,258
15/04/2023 12:00:00 -03:00,30.6,73.3,1010.7,2.3,104.4,10.1,0,38473,7,25,257
15/04/2023 13:00:00 -03:00,29.6,78.7,1010.3,2.1,101.8,8.6,0,24730,4,25.3,256
15/04/2023 14:00:00 -03:00,30.7,75.5,1009.8,1.5,127.2,6.8,0,36460,4,25.6,255
15/04/2023 15:00:00 -03:00,30.1,76.8,1010,1.3,131.7,4,0,27237,2,25.3,254
15/04/2023 16:00:00 -03:00,29,80,1010,0.8,130.3,5.4,0,7930,1,24.9,253
15/04/2023 17:00:00 -03:00,27.8,84.4,1010.3,0.4,150.4,4,0,356,0,24.7,252
15/04/2023 18:00:00 -03:00,27.5,85.9,1010.7,0.2,134.3,4,0,0,0,24.8,251
15/04/2023 19:00:00 -03:00,27.3,86.9,1011.1,0.2,171.3,2.5,0,0,0,24.7,250
15/04/2023 20:00:00 -03:00,26.7,91.1,1011.6,0,173.5,1.1,0,0,0,24.9,249
15/04/2023 21:00:00 -03:00,26.8,90.8,1011.7,0,167.5,2.5,0,0,0,25,248
15/04/2023 22:00:00 -03:00,25.2,97.6,1011.5,0,180,0,0,0,0,24.6,247
15/04/2023 23:00:00 -03:00,24.7,99,1011.1,0,180,0,0,0,0,24.4,246
16/04/2023 00:00:00 -03:00,24.5,99,1010.4,0,180,0,0,0,0,24.2,245
16/04/2023 01:00:00 -03:00,24.3,99,1009.8,0,180,0,0,0,0,24,244
16/04/2023 02:00:00 -03:00,24.2,99,1009.6,0,180,0,0,0,0,23.9,243
16/04/2023 03:00:00 -03:00,24.2,99,1009.6,0,180,0,0,0,0,23.9,242
16/04/2023 04:00:00 -03:00,24,99,1009.8,0,180,0,0,0,0,23.8,241
16/04/2023 05:00:00 -03:00,24.5,99,1010.4,0,180,0,0,529,0,24.2,240
16/04/2023 06:00:00 -03:00,25.2,98.7,1011,0,225,1.1,0,9704,2,24.8,239
16/04/2023 07:00:00 -03:00,27.4,90.6,1011.4,0.1,230,2.5,0,24230,3,25.5,238
16/04/2023 08:00:00 -03:00,29,83.4,1011.6,0.4,184.3,4,0,33961,5,25.7,237
16/04/2023 09:00:00 -03:00,30.1,80.5,1011.5,0.7,157.2,5.4,0,32271,6,26.2,236
16/04/2023 10:00:00 -03:00,29.8,81,1011,0.3,159.2,5.4,0,18054,3,25.9,235
16/04/2023 11:00:00 -03:00,29.7,81.5,1010.4,0.8,161,8.6,0,15477,3,25.9,234
16/04/2023 12:00:00 -03:00,28.7,84.1,1009.4,1.1,154.2,5.4,0,23100,5,25.5,233
16/04/2023 13:00:00 -03:00,29.1,82.3,1008.6,0.2,152.9,2.5,0,17637,3,25.6,232
16/04/2023 14:00:00 -03:00,28.9,83.6,1008,1,134.2,5.4,0,18000,3,25.6,231
16/04/2023 15:00:00 -03:00,28,87.1,1008.4,1.2,141.8,5.4,0,14198,2,25.5,230
16/04/2023 16:00:00 -03:00,26.9,93.9,1008.8,0.5,133.5,4,0,3252,1,25.6,229
16/04/2023 17:00:00 -03:00,26.5,93.7,1009.3,1,103.2,5.4,0,54,0,25.3,228
16/04/2023 18:00:00 -03:00,26.5,94.9,1009.8,1.2,96.1,8.6,0,0,0,25.4,227
16/04/2023 19:00:00 -03:00,26,94.7,1010.8,1.6,89.9,6.8,0.6,0,0,24.9,226
16/04/2023 20:00:00 -03:00,25.1,98.5,1011.4,0.7,109.5,4,0.3,0,0,24.7,225
16/04/2023 21:00:00 -03:00,24.2,98.6,1012.2,1,92.7,5.4,0,0,0,23.8,224
16/04/2023 22:00:00 -03:00,24.2,99,1011.6,0,180,1.1,0,0,0,23.9,223
16/04/2023 23:00:00 -03:00,24.4,99,1011,0,180,0,0,0,0,24,222
17/04/2023 00:00:00 -03:00,24.2,99,1009.8,0,180,0,0,0,0,23.9,221
17/04/2023 01:00:00 -03:00,24,99,1008.3,0,180,1.1,0,0,0,23.7,220
17/04/2023 02:00:00 -03:00,23.9,99,1007.7,0,180,0,0,0,0,23.5,219
17/04/2023 03:00:00 -03:00,23.8,99,1007.5,0,180,0,0,0,0,23.5,218
17/04/2023 04:00:00 -03:00,23.6,99,1008.1,0,180,0,0,0,0,23.3,217
17/04/2023 05:00:00 -03:00,23.6,99,1008.6,0,180,0,0,3129,0,23.3,216
17/04/2023 06:00:00 -03:00,24.8,98,1008.8,0,360,0,0,12050,2,24.3,215
17/04/2023 07:00:00 -03:00,27.4,88.4,1008.9,0.2,216.3,2.5,0,28559,3,25.1,214
17/04/2023 08:00:00 -03:00,29.4,81.5,1008.9,0.1,214,2.5,0,36689,6,25.6,213
17/04/2023 09:00:00 -03:00,30.9,74.6,1008.6,0.3,124,4,0,44613,10,25.6,212
17/04/2023 10:00:00 -03:00,31.8,67.6,1008.2,0.8,132.6,5.4,0,49873,12,24.7,211
17/04/2023 11:00:00 -03:00,32.1,65.2,1007.4,1.2,115.1,5.4,0,52201,12,24.4,210
17/04/2023 12:00:00 -03:00,32,65.7,1006.7,1.2,126.1,4,0,49366,10,24.6,209
17/04/2023 13:00:00 -03:00,32.1,65.7,1006.1,1.4,121.9,5.4,0,49390,7,24.6,208
17/04/2023 14:00:00 -03:00,31.6,69.2,1005.8,1.6,113.8,5.4,0,43170,4,25,207
17/04/2023 15:00:00 -03:00,31,71.4,1005.6,1.5,130.2,5.4,0,33161,2,25,206
17/04/2023 16:00:00 -03:00,29,78.8,1006.1,0.8,149.1,5.4,0,3974,1,24.8,205
17/04/2023 17:00:00 -03:00,28.1,81,1006.6,0.3,132.5,2.5,0,251,0,24.3,204
17/04/2023 18:00:00 -03:00,27.2,87.8,1007.4,0,180,2.5,0,0,0,24.8,203
17/04/2023 19:00:00 -03:00,27.1,90,1007.9,0.1,169.7,2.5,0,0,0,25.1,202
17/04/2023 20:00:00 -03:00,27.1,88.7,1008.7,0,180,1.1,0,0,0,24.9,201
17/04/2023 21:00:00 -03:00,25.4,96.3,1008.7,0,180,0,0,0,0,24.6,200
17/04/2023 22:00:00 -03:00,24.8,98.5,1008.5,0,180,0,0,0,0,24.3,199
17/04/2023 23:00:00 -03:00,24.4,99,1008.2,0,180,0,0,0,0,24.1,198
18/04/2023 00:00:00 -03:00,24.5,99,1007.6,0,180,0,0,0,0,24.1,197
18/04/2023 01:00:00 -03:00,24.5,99,1007.2,0,180,0,0.3,0,0,24.2,196
18/04/2023 02:00:00 -03:00,24.4,99,1007,0,180,0,0,0,0,24.1,195
18/04/2023 03:00:00 -03:00,24.2,99,1007,0,180,0,0,0,0,23.9,194
18/04/2023 04:00:00 -03:00,23.9,99,1007.2,0,180,0,0,0,0,23.5,193
18/04/2023 05:00:00 -03:00,23.8,99,1007.9,0,180,0,0,2927,0,23.5,192
18/04/2023 06:00:00 -03:00,26.3,94.2,1008.5,0,180,0,0,19004,2,25,191
18/04/2023 07:00:00 -03:00,29.9,82.2,1009.3,0.1,202.7,2.5,0,33724,3,26.3,190
18/04/2023 08:00:00 -03:00,30.4,79.7,1009.8,0.1,144.3,2.5,0,27176,4,26.2,189
18/04/2023 09:00:00 -03:00,30.7,76.3,1009.8,0.6,128.1,4,0,33141,7,25.8,188
18/04/2023 10:00:00 -03:00,30.9,76.3,1009.2,1.3,137.1,5.4,0,34312,7,26,187
18/04/2023 11:00:00 -03:00,30.8,78.1,1008.4,1.7,119.6,5.4,0,41517,8,26.3,186
18/04/2023 12:00:00 -03:00,31.5,74.5,1007.5,1.6,98.6,6.8,0,50174,9,26.1,185
18/04/2023 13:00:00 -03:00,31.5,74,1006.9,1.6,114.2,5.4,0,42680,6,26,184
18/04/2023 14:00:00 -03:00,31.1,73.9,1006.4,1.8,99.9,5.4,0,40805,4,25.6,183
18/04/2023 15:00:00 -03:00,30.5,77.6,1006.1,1.8,106.1,8.6,0,28445,2,25.9,182
18/04/2023 16:00:00 -03:00,29.2,82.3,1006.4,1.2,106.7,5.4,0,7142,1,25.6,181
18/04/2023 17:00:00 -03:00,28.4,85,1007,0.7,98.7,4,0,253,0,25.4,180
18/04/2023 18:00:00 -03:00,28.1,86.1,1007.5,0.4,107.9,4,0,0,0,25.3,179
18/04/2023 19:00:00 -03:00,27.4,90.3,1008.3,0.1,132,2.5,0,0,0,25.5,178
18/04/2023 20:00:00 -03:00,26.3,95.1,1009,0,180,0,0,0,0,25.3,177
18/04/2023 21:00:00 -03:00,25.5,98.3,1009.5,0,180,0,0,0,0,25,176
18/04/2023 22:00:00 -03:00,25.2,99,1009.6,0,180,0,0,0,0,24.9,175
18/04/2023 23:00:00 -03:00,24.9,99,1009.2,0,180,0,0,0,0,24.5,174
19/04/2023 00:00:00 -03:00,24.7,99,1008.9,0,180,0,0,0,0,24.3,173
19/04/2023 01:00:00 -03:00,24.4,99,1008.7,0,180,0,0,0,0,24.1,172
19/04/2023 02:00:00 -03:00,24.3,99,1009,0,180,0,0,0,0,24,171
19/04/2023 03:00:00 -03:00,24.5,99,1009.3,0,180,0,0,0,0,24.1,170
19/04/2023 04:00:00 -03:00,24.2,99,1009.7,0,180,0,0,0,0,23.9,169
19/04/2023 05:00:00 -03:00,24.1,99,1010.4,0,180,0,0,2533,0,23.8,168
19/04/2023 06:00:00 -03:00,26.8,93.3,1010.8,0,360,1.1,0,20856,2,25.5,167
19/04/2023 07:00:00 -03:00,29.9,83.3,1011.5,0,360,1.1,0,28009,3,26.5,166
19/04/2023 08:00:00 -03:00,31.1,75.9,1012,0.2,108.2,4,0,33390,5,26.1,165
19/04/2023 09:00:00 -03:00,31.2,75.2,1012.3,0.2,238.6,2.5,0,28427,6,26,164
19/04/2023 10:00:00 -03:00,32,71.4,1012,0.8,92.5,4,0,41021,9,25.9,163
19/04/2023 11:00:00 -03:00,32.5,69.3,1011.3,1.6,86.5,6.8,0,48332,10,25.8,162
19/04/2023 12:00:00 -03:00,32.6,70.4,1010.5,1.4,71.1,6.8,0,46812,8,26.2,161
19/04/2023 13:00:00 -03:00,32.7,71.4,1009.5,1.2,82.9,5.4,0,41392,6,26.5,160
19/04/2023 14:00:00 -03:00,32.4,72.6,1008.8,1.3,75.7,6.8,0,41810,4,26.5,159
19/04/2023 15:00:00 -03:00,31.6,73.8,1009,1.3,84,5.4,0,32295,2,26.1,158
19/04/2023 16:00:00 -03:00,29.7,79.7,1009.5,1.1,81.8,5.4,0,5366,1,25.6,157
19/04/2023 17:00:00 -03:00,28.6,84.7,1010,1.2,82.9,6.8,0,264,0,25.6,156
19/04/2023 18:00:00 -03:00,28.3,86.9,1010.5,1.1,91.4,5.4,0,0,0,25.7,155
19/04/2023 19:00:00 -03:00,28.1,87.3,1011.1,0.5,87.1,4,0,0,0,25.6,154
19/04/2023 20:00:00 -03:00,28,88.6,1011.8,0.2,138.6,2.5,0,0,0,25.7,153
19/04/2023 21:00:00 -03:00,27.3,91.4,1012.5,0.1,120,2.5,0,0,0,25.6,152
19/04/2023 22:00:00 -03:00,26.2,96.6,1012.6,0,180,0,0,0,0,25.4,151
19/04/2023 23:00:00 -03:00,25.8,98.2,1012.3,0,180,0,0,0,0,25.3,150
20/04/2023 00:00:00 -03:00,25.6,99,1011.6,0,180,0,0,0,0,25.3,149
20/04/2023 01:00:00 -03:00,25.4,99,1010.8,0,180,0,0,0,0,25.1,148
20/04/2023 02:00:00 -03:00,24.9,99,1010.5,0,180,0,0,0,0,24.6,147
20/04/2023 03:00:00 -03:00,24.6,99,1010.6,0,180,0,0,0,0,24.2,146
20/04/2023 04:00:00 -03:00,24.2,99,1010.9,0,180,0,0,0,0,23.9,145
20/04/2023 05:00:00 -03:00,24.2,99,1011.4,0,180,0,0,2180,0,23.9,144
20/04/2023 06:00:00 -03:00,26.2,95.2,1011.9,0,360,0,0,16870,2,25.2,143
20/04/2023 07:00:00 -03:00,30.2,82.7,1012.7,0,223,2.5,0,24408,3,26.6,142
20/04/2023 08:00:00 -03:00,30.7,78.2,1012.9,0.3,122.7,4,0,31880,5,26.2,141
20/04/2023 09:00:00 -03:00,30.5,76.3,1013.1,0.5,111.6,4,0,17595,4,25.6,140
20/04/2023 10:00:00 -03:00,31.3,73.6,1012.4,1.4,119.9,6.8,0,39442,9,25.8,139
20/04/2023 11:00:00 -03:00,31,74.9,1011.8,1.8,104.2,6.8,0,31321,7,25.8,138
20/04/2023 12:00:00 -03:00,31.2,74.8,1011,1.9,103.2,6.8,0,39710,8,25.9,137
20/04/2023 13:00:00 -03:00,31.2,75.1,1010.4,2.1,92,6.8,0,42187,6,26,136
20/04/2023 14:00:00 -03:00,30.6,75.9,1009.8,2.2,100.2,5.4,0,24839,3,25.6,135
20/04/2023 15:00:00 -03:00,30,77.7,1009.6,1.9,99.5,5.4,0,24505,2,25.4,134
20/04/2023 16:00:00 -03:00,28.9,79.2,1009.9,1.5,98.1,5.4,0,4104,1,24.7,133
20/04/2023 17:00:00 -03:00,28.2,82.4,1010.1,1.4,100.7,5.4,0,270,0,24.7,132
20/04/2023 18:00:00 -03:00,27.8,84.6,1010.2,0.7,106.9,5.4,0,0,0,24.8,131
20/04/2023 19:00:00 -03:00,27.5,85.5,1010.8,0.4,108.7,5.4,0,0,0,24.6,130
20/04/2023 20:00:00 -03:00,27.1,87.5,1011.6,0.1,123.1,2.5,0,0,0,24.7,129
20/04/2023 21:00:00 -03:00,26.4,90.2,1012.2,0.1,142.3,2.5,0,0,0,24.4,128
20/04/2023 22:00:00 -03:00,24.4,98,1012.8,0,180,0,0,0,0,24,127
20/04/2023 23:00:00 -03:00,24.2,99,1012.6,0,180,0,0,0,0,23.8,126
21/04/2023 00:00:00 -03:00,24.1,99,1012.1,0,188,1.1,3.3,0,0,23.8,125
21/04/2023 01:00:00 -03:00,24.3,99,1011.5,0,180,1.1,0,0,0,24,124
21/04/2023 02:00:00 -03:00,24.1,99,1011.1,0,180,0,0,0,0,23.8,123
21/04/2023 03:00:00 -03:00,23.7,99,1011.1,0,180,0,0,0,0,23.4,122
21/04/2023 04:00:00 -03:00,23.3,99,1011.1,0,180,0,0,0,0,23,121
21/04/2023 05:00:00 -03:00,23.1,99,1011.2,0,180,0,0,1354,0,22.8,120
21/04/2023 06:00:00 -03:00,24.3,99,1011.3,0,180,0,0,16816,2,24,119
21/04/2023 07:00:00 -03:00,28.3,88.6,1011.8,0,180,1.1,0,23077,3,26,118
21/04/2023 08:00:00 -03:00,29.7,81.6,1012,0.2,108,5.4,0,29500,5,25.9,117
21/04/2023 09:00:00 -03:00,30.7,74.2,1011.9,1,122.5,4,0,41104,9,25.3,116
21/04/2023 10:00:00 -03:00,30.8,73.8,1011.4,1.5,111.6,5.4,0,38095,8,25.3,115
21/04/2023 11:00:00 -03:00,31.1,72.7,1010.7,1.5,119.1,6.8,0,38028,8,25.3,114
21/04/2023 12:00:00 -03:00,30.6,74.1,1010,1.8,104.5,8.6,0,30721,6,25.2,113
21/04/2023 13:00:00 -03:00,29.9,77,1009.2,1.2,108.6,5.4,0,24787,4,25.2,112
21/04/2023 14:00:00 -03:00,30.4,72.4,1008.8,1.3,117.7,5.4,0,34256,4,24.6,111
21/04/2023 15:00:00 -03:00,29.8,76.3,1009,1.6,103.6,5.4,0,24565,2,25,110
21/04/2023 16:00:00 -03:00,28.6,80.4,1009.3,1.5,96.1,6.8,0,4371,1,24.7,109
21/04/2023 17:00:00 -03:00,27.8,84.3,1009.9,0.3,141.5,4,0,186,0,24.7,108
21/04/2023 18:00:00 -03:00,27.2,86.6,1010.2,0,130,2.5,0,0,0,24.6,107
21/04/2023 19:00:00 -03:00,27.1,86.3,1010.6,0.2,141.9,2.5,0,0,0,24.4,106
21/04/2023 20:00:00 -03:00,27.3,83.9,1010.9,0.3,140.1,2.5,0,0,0,24.1,105
21/04/2023 21:00:00 -03:00,27,84.2,1011,0.2,140.5,4,0,0,0,23.9,104
21/04/2023 22:00:00 -03:00,27,83.9,1011.1,0.2,142.9,4,0,0,0,23.8,103
21/04/2023 23:00:00 -03:00,27,85.4,1010.8,0.4,125,5.4,0,0,0,24.1,102
22/04/2023 00:00:00 -03:00,27.1,83.8,1010.2,0.6,129.8,4,0,0,0,23.9,101
22/04/2023 01:00:00 -03:00,26.8,84.2,1009.6,0.3,132.8,4,0,0,0,23.8,100
22/04/2023 02:00:00 -03:00,26.8,85,1009.2,0.4,152.1,4,0,0,0,23.8,99
22/04/2023 03:00:00 -03:00,26.7,84.5,1009,0.6,151.5,4,0,0,0,23.7,98
22/04/2023 04:00:00 -03:00,26.4,84.2,1009.2,0.4,153.6,5.4,0,0,0,23.3,97
22/04/2023 05:00:00 -03:00,26.6,80.9,1009.6,0.9,140.9,5.4,0,1918,0,22.8,96
22/04/2023 06:00:00 -03:00,27.7,76.1,1010,0.7,150.1,4,0,16665,2,22.9,95
22/04/2023 07:00:00 -03:00,28.6,76.2,1010.7,1.6,139.1,5.4,0,19451,2,23.7,94
22/04/2023 08:00:00 -03:00,28.2,81.3,1011.3,1.6,132.3,6.8,0.3,22899,4,24.5,93
22/04/2023 09:00:00 -03:00,29.9,73.3,1011.4,2.2,131.7,8.6,0,39135,8,24.4,92
22/04/2023 10:00:00 -03:00,30.2,71.4,1010.9,2.4,125,6.8,0,38168,9,24.3,91
22/04/2023 11:00:00 -03:00,30.5,71.2,1010,2.8,118.3,8.6,0,43896,9,24.4,90
22/04/2023 12:00:00 -03:00,30.6,71.3,1009,2.6,107.6,8.6,0,44626,8,24.6,89
22/04/2023 13:00:00 -03:00,30.9,71.2,1008.4,2,121.1,8.6,0,42622,6,24.8,88
22/04/2023 14:00:00 -03:00,30,75.8,1008.2,2,142.3,6.8,0,26062,3,25,87
22/04/2023 15:00:00 -03:00,29,79.9,1008.2,1.4,146.3,8.6,0,13260,2,25,86
22/04/2023 16:00:00 -03:00,28.3,81.6,1008.7,1.5,145.4,5.4,0,4722,1,24.6,85
22/04/2023 17:00:00 -03:00,27.2,87.8,1009.1,0.8,159.6,5.4,0,146,0,24.8,84
22/04/2023 18:00:00 -03:00,26.8,90.5,1009.5,0.2,159.6,4,0,0,0,24.9,83
22/04/2023 19:00:00 -03:00,25.9,95.8,1009.9,0.1,165.3,2.5,0.6,0,0,25,82
22/04/2023 20:00:00 -03:00,26.3,93.6,1010.2,0.4,146.5,5.4,0,0,0,25,81
22/04/2023 21:00:00 -03:00,27.4,86.2,1010.2,1.5,121.8,8.6,0,0,0,24.7,80
22/04/2023 22:00:00 -03:00,27.5,84.8,1009.9,1.5,132.5,10.1,0,0,0,24.5,79
22/04/2023 23:00:00 -03:00,27.4,83.6,1009.6,1.6,127.5,5.4,0,0,0,24.2,78
23/04/2023 00:00:00 -03:00,27.3,82.3,1009,1.3,130.4,6.8,0,0,0,23.9,77
23/04/2023 01:00:00 -03:00,26.9,83,1008.6,0.5,137.9,5.4,0,0,0,23.6,76
23/04/2023 02:00:00 -03:00,26.3,85.7,1008.4,0.1,156.4,2.5,0,0,0,23.6,75
23/04/2023 03:00:00 -03:00,25.9,88.4,1008.3,0,180,1.1,0,0,0,23.6,74
23/04/2023 04:00:00 -03:00,24.2,96.4,1008.7,0,180,0,0,0,0,23.5,73
23/04/2023 05:00:00 -03:00,23.8,98.6,1009.2,0,180,0,0,1594,0,23.5,72
23/04/2023 06:00:00 -03:00,25.4,93.4,1009.8,0,218,2.5,0,12385,2,24.1,71
23/04/2023 07:00:00 -03:00,27.5,86.1,1010.4,0.2,231.6,4,0,17388,2,24.8,70
23/04/2023 08:00:00 -03:00,28.2,84.9,1010.9,0.6,159,5.4,0.6,34224,6,25.1,69
23/04/2023 09:00:00 -03:00,29.8,79.2,1010.8,1.4,123.5,6.8,0,35254,7,25.6,68
23/04/2023 10:00:00 -03:00,30.1,76.7,1010.5,1.9,115.1,6.8,0,36949,8,25.3,67
23/04/2023 11:00:00 -03:00,30.6,74.6,1009.9,1.8,128.3,5.4,0,38447,8,25.3,66
23/04/2023 12:00:00 -03:00,30.4,74.4,1009.4,2.3,132.8,8.6,0,33758,6,25.1,65
23/04/2023 13:00:00 -03:00,30.3,73.9,1009.1,2.1,134.4,6.8,0,34192,5,24.9,64
23/04/2023 14:00:00 -03:00,30.3,74.8,1008.9,1.9,147.5,6.8,0,31250,4,25.1,63
23/04/2023 15:00:00 -03:00,29.8,76.7,1009.2,1.3,153.2,5.4,0,19084,2,25,62
23/04/2023 16:00:00 -03:00,28.8,78,1009.6,1.1,146.1,5.4,0,6114,1,24.4,61
23/04/2023 17:00:00 -03:00,27.4,83.2,1010.5,0.7,158.9,5.4,0,105,0,24.1,60
23/04/2023 18:00:00 -03:00,25.8,89.8,1010.8,0,180,0,0,0,0,23.8,59
23/04/2023 19:00:00 -03:00,25.8,91.8,1011.2,0,173,2.5,0,0,0,24.2,58
23/04/2023 20:00:00 -03:00,25.9,92.5,1011.4,0,155,1.1,0,0,0,24.4,57
23/04/2023 21:00:00 -03:00,25.1,95.9,1011.9,0.9,145.5,6.8,0.9,0,0,24.2,56
23/04/2023 22:00:00 -03:00,25,97,1011.8,0,208,2.5,0,0,0,24.3,55
23/04/2023 23:00:00 -03:00,24.5,99,1011.8,0,180,0,0,0,0,24.2,54
24/04/2023 00:00:00 -03:00,24.2,99,1011.2,0.1,221.9,2.5,4.8,0,0,23.9,53
24/04/2023 01:00:00 -03:00,24,99,1010.6,0.1,143,4,1.5,0,0,23.7,52
24/04/2023 02:00:00 -03:00,23.6,99,1010.2,0,180,0,0,0,0,23.3,51
24/04/2023 03:00:00 -03:00,23.6,99,1010.1,0,180,0,0,0,0,23.2,50
24/04/2023 04:00:00 -03:00,23.7,99,1010.3,0,180,0,0,0,0,23.3,49
24/04/2023 05:00:00 -03:00,23.8,99,1010.8,0,180,1.1,0,662,0,23.5,48
24/04/2023 06:00:00 -03:00,24.5,99,1011.2,0,180,0,0.3,5389,1,24.1,47
24/04/2023 07:00:00 -03:00,26.5,93.1,1011.7,1.4,144.7,6.8,0,18797,3,25.1,46
24/04/2023 08:00:00 -03:00,27,89.9,1012.4,1.5,133.5,6.8,0,16974,3,25,45
24/04/2023 09:00:00 -03:00,27.3,90.6,1012.5,1.6,133.1,6.8,0.3,29279,6,25.4,44
24/04/2023 10:00:00 -03:00,27.7,89.9,1012.4,1.7,153.8,8.6,0,30891,6,25.7,43
24/04/2023 11:00:00 -03:00,29.1,83.6,1011.5,1.9,139,6.8,0,47328,10,25.8,42
24/04/2023 12:00:00 -03:00,29.8,80.7,1010.9,1.8,140.9,6.8,0,40805,7,25.9,41
24/04/2023 13:00:00 -03:00,29.7,79.6,1010.5,1.4,145.5,8.6,0,36275,5,25.6,40
24/04/2023 14:00:00 -03:00,30.1,77,1010.2,1.6,145.6,6.8,0,35593,4,25.3,39
24/04/2023 15:00:00 -03:00,29.5,79.7,1010.3,1.5,144.5,5.4,0,25114,2,25.3,38
24/04/2023 16:00:00 -03:00,27.8,84.5,1011,1.2,151.1,5.4,0,5618,1,24.8,37
24/04/2023 17:00:00 -03:00,27.1,89,1011.4,0.5,160.3,4,0,156,0,24.9,36
24/04/2023 18:00:00 -03:00,26.8,90.2,1012,0.1,162.3,4,0,0,0,24.9,35
24/04/2023 19:00:00 -03:00,26.2,93.2,1012.5,0,158.5,2.5,0,0,0,24.8,34
24/04/2023 20:00:00 -03:00,25.8,94.6,1013.3,0.2,171.6,4,0,0,0,24.7,33
24/04/2023 21:00:00 -03:00,25.1,96.4,1013.4,0.1,199.4,2.5,0,0,0,24.4,32
24/04/2023 22:00:00 -03:00,24.7,97.2,1013.4,0.1,226,2.5,0,0,0,24.1,31
24/04/2023 23:00:00 -03:00,24.4,97.6,1013.1,0,234,2.5,0,0,0,23.8,30
25/04/2023 00:00:00 -03:00,24,98.3,1012.5,0,180,0,0,0,0,23.6,29
25/04/2023 01:00:00 -03:00,23.8,99,1012.1,0,180,0,0,0,0,23.4,28
25/04/2023 02:00:00 -03:00,23.7,99,1011.8,0,180,0,0,0,0,23.3,27
25/04/2023 03:00:00 -03:00,23.9,99,1011.7,0,180,2.5,0,0,0,23.6,26
25/04/2023 04:00:00 -03:00,23.8,99,1011.8,0,180,1.1,0,0,0,23.4,25
25/04/2023 05:00:00 -03:00,23.8,99,1012,0,180,1.1,4.8,1109,0,23.5,24
25/04/2023 06:00:00 -03:00,24.7,98.2,1012.4,0,180,1.1,0,13430,2,24.2,23
25/04/2023 07:00:00 -03:00,27,91.2,1013.1,0.2,217.2,4,0,23933,3,25.2,22
25/04/2023 08:00:00 -03:00,28.7,85.1,1013.6,0.1,161.9,2.5,0,29668,5,25.8,21
25/04/2023 09:00:00 -03:00,29.9,81.2,1013.5,1,126.6,5.4,0,36889,8,26,20
25/04/2023 10:00:00 -03:00,30.2,79.9,1013.2,1.5,131.6,6.8,0,36243,8,26.1,19
25/04/2023 11:00:00 -03:00,31,75.7,1012.4,1.6,137.2,6.8,0,49156,10,25.9,18
25/04/2023 12:00:00 -03:00,31.2,74.6,1011.8,2,133.7,6.8,0,47375,8,25.9,17
25/04/2023 13:00:00 -03:00,30.3,74,1011.2,1.7,122.3,5.4,0,40018,5,24.9,16
25/04/2023 14:00:00 -03:00,30.8,74.6,1011,2,144.6,6.8,0,34798,4,25.4,15
25/04/2023 15:00:00 -03:00,29.5,77.9,1011.2,1.9,146.3,6.8,0,17555,2,25,14
25/04/2023 16:00:00 -03:00,28.7,83,1011.5,1.3,138.8,6.8,0.3,6476,1,25.3,13
25/04/2023 17:00:00 -03:00,26.8,92.5,1011.8,0.6,161.5,6.8,0,176,0,25.3,12
25/04/2023 18:00:00 -03:00,26.1,97.5,1012.2,0.6,161.4,5.4,4.8,0,0,25.4,11
25/04/2023 19:00:00 -03:00,25.8,98.5,1012.8,0.4,167.9,6.8,2.4,0,0,25.3,10
25/04/2023 20:00:00 -03:00,25.8,97.9,1013.5,1,133.3,8.6,0,0,0,25.3,9
25/04/2023 21:00:00 -03:00,25.9,96.4,1013.6,0.4,161.3,5.4,0,0,0,25.1,8
25/04/2023 22:00:00 -03:00,25.3,98.1,1013.5,0.8,140.1,6.8,0.3,0,0,24.8,7
25/04/2023 23:00:00 -03:00,24.7,99,1013.2,0,180,1.1,0,0,0,24.3,6
26/04/2023 00:00:00 -03:00,24.4,99,1012.4,0,180,0,0,0,0,24.1,5
26/04/2023 01:00:00 -03:00,24.1,99,1012.1,0.5,171.3,6.8,34.8,0,0,23.8,4
26/04/2023 02:00:00 -03:00,23.5,99,1011.6,0.1,83.5,4,4.2,0,0,23.2,3
26/04/2023 03:00:00 -03:00,23.7,99,1011.4,0,179,2.5,0,0,0,23.4,2
26/04/2023 04:00:00 -03:00,23.9,99,1011.3,0.5,213.2,4,6.6,0,0,23.6,1